Latitude and Longitude,Class of Land,Longitude,Latitude,Distance to center of the dataset,vh,vv,hh,hv
"10.323727047081501, 105.2516346045924",Rice,105.2516346045924,10.323727047081501,18.60941196066533,0.0653388574719429,0.13755947351455688,5671.0,1499.0
"10.322364360592521, 105.27843410554115",Rice,105.27843410554115,10.322364360592521,16.27462345094798,0.029045065864920616,0.10321031510829926,2808.0,1386.0
"10.321455902933202, 105.25254306225168",Rice,105.25254306225168,10.321455902933202,18.377516908890787,0.05654701218008995,0.27927178144454956,1880.0,766.0
"10.324181275911162, 105.25118037576274",Rice,105.25118037576274,10.324181275911162,18.679573088101858,0.035069700330495834,0.154607355594635,2815.0,981.0
"10.324635504740822, 105.27389181724476",Rice,105.27389181724476,10.324635504740822,16.810175665639342,0.04190303012728691,0.19119848310947418,2654.0,1346.0
"10.323727047081501, 105.28070524968936",Rice,105.28070524968936,10.323727047081501,16.200177286184733,0.13378584384918213,0.16840165853500366,2302.0,926.0
"10.325089733570481, 105.23937042619212",Rice,105.23937042619212,10.325089733570481,19.779034107915134,0.013499334454536438,0.05286579951643944,1939.0,1084.0
"10.324181275911162, 105.25390574874059",Rice,105.25390574874059,10.324181275911162,18.443833623314916,0.036314766854047775,0.07965078949928284,2019.0,1028.0
"10.321001674103542, 105.24436694331814",Rice,105.24436694331814,10.321001674103542,19.07022036676772,0.05174638703465462,0.27324455976486206,2380.0,923.0
"10.321001674103542, 105.2416415703403",Rice,105.2416415703403,10.321001674103542,19.31443164672821,0.0367438867688179,0.1293366700410843,2041.0,983.0
"10.324635504740822, 105.2557226640591",Rice,105.2557226640591,10.324635504740822,18.319113709875438,0.05947813764214516,0.06521720439195633,2078.0,1041.0
"10.321001674103542, 105.2334654514068",Rice,105.2334654514068,10.321001674103542,20.05582655387506,0.03318176418542862,0.1366703361272812,3380.0,1431.0
"10.32327281825184, 105.26753261362978",Rice,105.26753261362978,10.32327281825184,17.22787232322431,0.05612405389547348,0.19292326271533966,2311.0,928.0
"10.324181275911162, 105.28115947851899",Rice,105.28115947851899,10.324181275911162,16.200041393742218,0.0835992619395256,0.16250774264335632,3194.0,797.0
"10.321001674103542, 105.2598107235259",Rice,105.2598107235259,10.321001674103542,17.717598251385894,0.019799163565039635,0.07933568954467773,2571.0,1136.0
"10.32327281825184, 105.24073311268103",Rice,105.24073311268103,10.32327281825184,19.54061666647801,0.04553984850645065,0.32492920756340027,2327.0,1525.0
"10.324635504740822, 105.27843410554115",Rice,105.27843410554115,10.324635504740822,16.448859573118355,0.020103788003325462,0.11315435916185379,2834.0,670.0
"10.324181275911162, 105.2348281378957",Rice,105.2348281378957,10.324181275911162,20.128826942427825,0.0434398390352726,0.07370854169130325,2742.0,1636.0
"10.321455902933202, 105.23301122257715",Rice,105.23301122257715,10.321455902933202,20.125091820605565,0.0367189422249794,0.035414643585681915,2323.0,1038.0
"10.323727047081501, 105.26026495235556",Rice,105.26026495235556,10.323727047081501,17.869000222131397,0.014492400921881199,0.09830117970705032,3173.0,1419.0
"10.325089733570481, 105.28025102085971",Rice,105.28025102085971,10.325089733570481,16.34172946788272,0.09398424625396729,0.15488353371620178,3917.0,1397.0
"10.32009321644422, 105.23210276491787",Rice,105.23210276491787,10.32009321644422,20.125672778460547,0.04109993949532509,0.07076635211706161,3467.0,1370.0
"10.322364360592521, 105.27797987671151",Rice,105.27797987671151,10.322364360592521,16.310820035251147,0.024540254846215248,0.052236977964639664,2827.0,1424.0
"10.32327281825184, 105.27752564788187",Rice,105.27752564788187,10.32327281825184,16.416229891392078,0.015419811010360718,0.12229582667350769,2921.0,1160.0
"10.324635504740822, 105.2652614694816",Rice,105.2652614694816,10.324635504740822,17.515001395381965,0.06867088377475739,0.3785119652748108,1465.0,772.0
"10.320547445273881, 105.2266520189622",Rice,105.2266520189622,10.320547445273881,20.65607462644382,0.027385421097278595,0.12152214348316193,2387.0,801.0
"10.323727047081501, 105.2652614694816",Rice,105.2652614694816,10.323727047081501,17.449338861909254,0.05265476554632187,0.312404066324234,1443.0,705.0
"10.325089733570481, 105.23528236672536",Rice,105.23528236672536,10.325089733570481,20.145140476407803,0.03429862856864929,0.04328317567706108,2052.0,953.0
"10.324635504740822, 105.26798684245944",Rice,105.26798684245944,10.324635504740822,17.289957820656852,0.03590764105319977,0.14194369316101074,2410.0,855.0
"10.32281858942218, 105.26435301182232",Rice,105.26435301182232,10.32281858942218,17.460080162004957,0.008376793004572392,0.22885842621326447,1087.0,577.0
"10.325089733570481, 105.26344455416304",Rice,105.26344455416304,10.325089733570481,17.698909411577173,0.05152171105146408,0.39961060881614685,3202.0,1407.0
"10.323727047081501, 105.24572962980707",Rice,105.24572962980707,10.323727047081501,19.12635804766502,0.043637849390506744,0.14065104722976685,1832.0,638.0
"10.324635504740822, 105.2334654514068",Rice,105.2334654514068,10.324635504740822,20.280431789169704,0.03623662889003754,0.09444336593151093,2790.0,1240.0
"10.325089733570481, 105.23164853608824",Rice,105.23164853608824,10.325089733570481,20.473276041506352,0.03171034902334213,0.19732128083705902,4674.0,1638.0
"10.32327281825184, 105.26571569831123",Rice,105.26571569831123,10.32327281825184,17.37876181707856,0.045085784047842026,0.22078530490398407,1380.0,515.0
"10.31963898761456, 105.23074007842897",Rice,105.23074007842897,10.31963898761456,20.223953962867196,0.018830467015504837,0.20393215119838715,2923.0,913.0
"10.320547445273881, 105.22983162076967",Rice,105.22983162076967,10.320547445273881,20.362055067881244,0.021021738648414612,0.12487293034791946,4316.0,1646.0
"10.32281858942218, 105.28115947851899",Rice,105.28115947851899,10.32281858942218,16.094108964959112,0.036242153495550156,0.2793906331062317,1479.0,788.0
"10.321910131762861, 105.23028584959931",Rice,105.23028584959931,10.321910131762861,20.402302511703414,0.03867766261100769,0.19679120182991028,4212.0,1518.0
"10.324181275911162, 105.26071918118518",Rice,105.26071918118518,10.324181275911162,17.862653549139477,0.017942216247320175,0.18931889533996582,2189.0,1252.0
"10.325089733570481, 105.26026495235556",Rice,105.26026495235556,10.325089733570481,17.96531460399637,0.026083210483193398,0.11283056437969208,2870.0,1374.0
"10.325089733570481, 105.2448211721478",Rice,105.2448211721478,10.325089733570481,19.29621588653348,0.1126076802611351,0.1880633682012558,4280.0,2125.0
"10.324181275911162, 105.24300425682924",Rice,105.24300425682924,10.324181275911162,19.3971082904321,0.04101276770234108,0.14728161692619324,1445.0,1075.0
"10.32281858942218, 105.27570873256332",Rice,105.27570873256332,10.32281858942218,16.52708277113862,0.010713825933635235,0.15821751952171326,2615.0,1769.0
"10.323727047081501, 105.28252216500792",Rice,105.28252216500792,10.323727047081501,16.058519003114785,0.04860202968120575,0.10982093214988708,2467.0,1281.0
"10.31963898761456, 105.23937042619212",Rice,105.23937042619212,10.31963898761456,19.434028051040062,0.06664473563432693,0.22468560934066772,2639.0,1407.0
"10.32281858942218, 105.28161370734864",Rice,105.28161370734864,10.32281858942218,16.05850062362641,0.021223580464720726,0.15331000089645386,2248.0,755.0
"10.324635504740822, 105.28161370734864",Rice,105.28161370734864,10.324635504740822,16.200215537013477,0.11963767558336258,0.14293426275253296,3028.0,638.0
"10.32327281825184, 105.26117341001483",Rice,105.26117341001483,10.32327281825184,17.760112475465167,0.04279259219765663,0.06338434666395187,2349.0,1273.0
"10.32327281825184, 105.2788883343708",Rice,105.2788883343708,10.32327281825184,16.3081013234645,0.049762457609176636,0.1550314873456955,3253.0,1472.0
"10.324181275911162, 105.2516346045924",Rice,105.2516346045924,10.324181275911162,18.640158954298066,0.06510300189256668,0.2744290232658386,2830.0,1214.0
"10.323727047081501, 105.23982465502175",Rice,105.23982465502175,10.323727047081501,19.650948150407526,0.06575100123882294,0.1935998648405075,2533.0,822.0
"10.31963898761456, 105.23028584959931",Rice,105.23028584959931,10.31963898761456,20.265894882865354,0.03980414196848869,0.17804260551929474,1774.0,1307.0
"10.32327281825184, 105.28706445330431",Rice,105.28706445330431,10.32327281825184,15.67345491160803,0.009840836748480797,0.017847850918769836,3205.0,1005.0
"10.324181275911162, 105.27752564788187",Rice,105.27752564788187,10.324181275911162,16.4857012060323,0.021222418174147606,0.27436232566833496,2780.0,932.0
"10.323727047081501, 105.26480724065195",Rice,105.26480724065195,10.323727047081501,17.487199851458723,0.024401068687438965,0.24415475130081177,832.0,485.0
"10.321910131762861, 105.2266520189622",Rice,105.2266520189622,10.321910131762861,20.73685456503452,0.06772337853908539,0.5486597418785095,2398.0,970.0
"10.324181275911162, 105.25072614693312",Rice,105.25072614693312,10.324181275911162,18.719036179661625,0.013169816695153713,0.14868631958961487,2208.0,759.0
"10.32327281825184, 105.27071221543727",Rice,105.27071221543727,10.32327281825184,16.96619162141439,0.04947366565465927,0.2004828006029129,2990.0,795.0
"10.325089733570481, 105.25890226586662",Rice,105.25890226586662,10.325089733570481,18.080335749681637,0.053913626819849014,0.17065946757793427,2772.0,1494.0
"10.321455902933202, 105.25208883342202",Rice,105.25208883342202,10.321455902933202,18.417225241801933,0.021053258329629898,0.13001517951488495,2574.0,1395.0
"10.324635504740822, 105.26162763884446",Rice,105.26162763884446,10.324635504740822,17.8184009906683,0.014615505933761597,0.16605280339717865,3398.0,1160.0
"10.325089733570481, 105.28751868213396",Rice,105.28751868213396,10.325089733570481,15.785073330859783,0.009636959061026573,0.05536089837551117,3073.0,1514.0
"10.32009321644422, 105.24845500278491",Rice,105.24845500278491,10.32009321644422,18.647566487741894,0.019560515880584717,0.04393639788031578,3212.0,932.0
"10.324181275911162, 105.23982465502175",Rice,105.23982465502175,10.324181275911162,19.680066518397798,0.016092659905552864,0.17915594577789307,2104.0,1032.0
"10.31963898761456, 105.23891619736247",Rice,105.23891619736247,10.31963898761456,19.475260452399965,0.08430855721235275,0.19880400598049164,2753.0,1146.0
"10.325089733570481, 105.26389878299267",Rice,105.26389878299267,10.325089733570481,17.66108288576834,0.017056316137313843,0.10563347488641739,2828.0,1420.0
"10.321455902933202, 105.26117341001483",Rice,105.26117341001483,10.321455902933202,17.63268566972252,0.007162217516452074,0.050707798451185226,2039.0,1019.0
"10.319184758784901, 105.22710624779182",Rice,105.22710624779182,10.319184758784901,20.533823713622418,0.05009754002094269,0.13250809907913208,2216.0,1076.0
"10.321001674103542, 105.25254306225168",Rice,105.25254306225168,10.321001674103542,18.347163916395754,0.07057705521583557,0.2812618911266327,1499.0,873.0
"10.321455902933202, 105.23164853608824",Rice,105.23164853608824,10.321455902933202,20.249803888661773,0.031205976381897926,0.1193508505821228,2775.0,862.0
"10.324181275911162, 105.24936346044419",Rice,105.24936346044419,10.324181275911162,18.837716122142275,0.018790531903505325,0.09377942979335785,2145.0,644.0
"10.324181275911162, 105.27979679203008",Rice,105.27979679203008,10.324181275911162,16.30661425914649,0.050298191606998444,0.1328389048576355,2242.0,1154.0
"10.324181275911162, 105.2598107235259",Rice,105.2598107235259,10.324181275911162,17.939442251243392,0.02390580251812935,0.08451738953590393,2494.0,1049.0
"10.324181275911162, 105.28706445330431",Rice,105.28706445330431,10.324181275911162,15.74620582528066,0.004566802643239498,0.009348983876407146,1784.0,1110.0
"10.32281858942218, 105.27934256320043",Rice,105.27934256320043,10.32281858942218,16.237282601305303,0.04308056831359863,0.3444323241710663,2748.0,1276.0
"10.320547445273881, 105.22710624779182",Rice,105.22710624779182,10.320547445273881,20.61396912919086,0.028726665303111076,0.054899632930755615,1913.0,941.0
"10.32327281825184, 105.26162763884446",Rice,105.26162763884446,10.32327281825184,17.721719514739107,0.02257588878273964,0.08299648016691208,2590.0,1549.0
"10.324635504740822, 105.25208883342202",Rice,105.25208883342202,10.324635504740822,18.631692281811034,0.05283915996551514,0.12304898351430893,2814.0,1711.0
"10.321001674103542, 105.25027191810346",Rice,105.25027191810346,10.321001674103542,18.54651240626411,0.023979397490620613,0.10354682058095932,2124.0,722.0
"10.318730529955241, 105.22756047662148",Rice,105.22756047662148,10.318730529955241,20.464996596571808,0.040774401277303696,0.2931012809276581,2239.0,1153.0
"10.31963898761456, 105.23255699374752",Rice,105.23255699374752,10.31963898761456,20.056544738642984,0.038787905126810074,0.3275018036365509,3929.0,1475.0
"10.323727047081501, 105.23800773970319",Rice,105.23800773970319,10.323727047081501,19.813804615999896,0.022433863952755928,0.08256901055574417,2481.0,812.0
"10.323727047081501, 105.27797987671151",Rice,105.27797987671151,10.323727047081501,16.414886734475424,0.03504858911037445,0.09188294410705566,3068.0,1087.0
"10.323727047081501, 105.26844107128906",Rice,105.26844107128906,10.323727047081501,17.186000659213548,0.0793699249625206,0.2072608321905136,1754.0,1026.0
"10.31963898761456, 105.2416415703403",Rice,105.2416415703403,10.31963898761456,19.228466600254865,0.033635444939136505,0.1378898322582245,2065.0,1141.0
"10.32327281825184, 105.25663112171844",Rice,105.25663112171844,10.32327281825184,18.14706070897529,0.07336000353097916,0.1087019294500351,2631.0,1111.0
"10.32327281825184, 105.27979679203008",Rice,105.27979679203008,10.32327281825184,16.23637617458142,0.028519775718450546,0.12754178047180176,3747.0,1674.0
"10.323727047081501, 105.28888136862287",Rice,105.28888136862287,10.323727047081501,15.572554757173652,0.006528084632009268,0.11334802210330963,2408.0,1736.0
"10.324635504740822, 105.26344455416304",Rice,105.26344455416304,10.324635504740822,17.66623404384006,0.023720383644104004,0.058629974722862244,2745.0,1164.0
"10.324181275911162, 105.26208186767411",Rice,105.26208186767411,10.324181275911162,17.747891306723655,0.032990384846925735,0.13614912331104279,2889.0,1537.0
"10.319184758784901, 105.23573659555498",Rice,105.23573659555498,10.319184758784901,19.737277868350898,0.05678680166602135,0.10686585307121277,3093.0,1108.0
"10.320547445273881, 105.25435997757023",Rice,105.25435997757023,10.320547445273881,18.158027769268614,0.03445250913500786,0.2514200210571289,1884.0,866.0
"10.31963898761456, 105.24255002799958",Rice,105.24255002799958,10.31963898761456,19.14652709252669,0.04580066725611687,0.32079681754112244,2194.0,1387.0
"10.320547445273881, 105.23619082438464",Rice,105.23619082438464,10.320547445273881,19.779261490420318,0.10443650186061859,0.27868786454200745,2920.0,1235.0
"10.324181275911162, 105.23709928204391",Rice,105.23709928204391,10.324181275911162,19.92423846712747,0.04194719344377518,0.10785645991563797,2423.0,936.0
"10.324635504740822, 105.26026495235556",Rice,105.26026495235556,10.324635504740822,17.933125032472326,0.0177979227155447,0.08509696274995804,2774.0,919.0
"10.32009321644422, 105.23846196853285",Rice,105.23846196853285,10.32009321644422,19.544676057196757,0.06172262504696846,0.28840887546539307,2270.0,981.0
"10.325089733570481, 105.25617689288879",Rice,105.25617689288879,10.325089733570481,18.31185244148414,0.06088278815150261,0.19595667719841003,2057.0,1011.0
"10.321455902933202, 105.23074007842897",Rice,105.23074007842897,10.321455902933202,20.33312768327086,0.015989914536476135,0.08542470633983612,3215.0,1084.0
"10.325089733570481, 105.26071918118518",Rice,105.26071918118518,10.325089733570481,17.927085776870097,0.05274955555796623,0.3663440942764282,3001.0,1208.0
"10.323727047081501, 105.24073311268103",Rice,105.24073311268103,10.323727047081501,19.569768960165234,0.04559985548257828,0.317494660615921,3518.0,1223.0
"10.323727047081501, 105.24345848565886",Rice,105.24345848565886,10.323727047081501,19.327252651793813,0.02203468605875969,0.1035025492310524,1968.0,1482.0
"10.325089733570481, 105.27979679203008",Rice,105.27979679203008,10.325089733570481,16.377174185582508,0.018145550042390823,0.1530260592699051,2165.0,948.0
"10.323727047081501, 105.27752564788187",Rice,105.27752564788187,10.323727047081501,16.45092468530718,0.09053145349025726,0.21187357604503632,2163.0,1165.0
"10.318276301125582, 105.22619779013255",Rice,105.22619779013255,10.318276301125582,20.565632622018395,0.06000697612762451,0.09283813834190369,3167.0,1051.0
"10.321455902933202, 105.22710624779182",Rice,105.22710624779182,10.321455902933202,20.667843905163764,0.026023423299193382,0.12840239703655243,2996.0,776.0
"10.325089733570481, 105.2666241559705",Rice,105.2666241559705,10.325089733570481,17.435375271408734,0.016842646524310112,0.17023751139640808,3175.0,1660.0
"10.321001674103542, 105.26026495235556",Rice,105.26026495235556,10.321001674103542,17.678693553930902,0.018330205231904984,0.10169638693332672,3033.0,1658.0
"10.32009321644422, 105.24118734151068",Rice,105.24118734151068,10.32009321644422,19.298002349299963,0.039815645664930344,0.35616135597229004,2597.0,698.0
"10.324635504740822, 105.2857017668154",Rice,105.2857017668154,10.324635504740822,15.886007205111303,0.0028071727138012648,0.015819091349840164,3479.0,1003.0
"10.32009321644422, 105.24209579916996",Rice,105.24209579916996,10.32009321644422,19.216102396669157,0.031487178057432175,0.13342194259166718,2470.0,1007.0
"10.32281858942218, 105.25572266405916",Rice,105.25572266405916,10.32281858942218,18.193922256733835,0.02072310447692871,0.16482321918010712,2947.0,1250.0
"10.324635504740822, 105.25663112171844",Rice,105.25663112171844,10.324635504740822,18.241486172952367,0.04136313125491142,0.06300076097249985,1831.0,1100.0
"10.325089733570481, 105.25345151991095",Rice,105.25345151991095,10.325089733570481,18.545273581445624,0.04370108246803284,0.2033328413963318,1478.0,919.0
"10.32327281825184, 105.27707141905222",Rice,105.27707141905222,10.32327281825184,16.45241507778973,0.022912461310625076,0.05473098158836365,2140.0,1092.0
"10.323727047081501, 105.22892316311038",Rice,105.22892316311038,10.323727047081501,20.637535339748396,0.07724499702453613,0.2837355434894562,3246.0,752.0
"10.32327281825184, 105.2334654514068",Rice,105.2334654514068,10.32327281825184,20.195550185939595,0.06485559046268463,0.2681168019771576,2936.0,1825.0
"10.319184758784901, 105.23846196853285",Rice,105.23846196853285,10.319184758784901,19.48847879880718,0.07592443376779556,0.25188392400741577,2586.0,1372.0
"10.325089733570481, 105.26753261362978",Rice,105.26753261362978,10.325089733570481,17.360625471571332,0.03138083219528198,0.17908510565757751,2806.0,1137.0
"10.318730529955241, 105.2334654514068",Rice,105.2334654514068,10.318730529955241,19.918324791965574,0.03673965856432915,0.1424066722393036,3073.0,1071.0
"10.324635504740822, 105.28115947851899",Rice,105.28115947851899,10.324635504740822,16.23551286380245,0.03203761577606201,0.12933403253555298,2355.0,955.0
"10.324181275911162, 105.27525450373366",Rice,105.27525450373366,10.324181275911162,16.666568802732936,0.005125491414219141,0.11188903450965881,2742.0,933.0
"10.319184758784901, 105.22846893428076",Rice,105.22846893428076,10.319184758784901,20.407215540098196,0.07545817643404007,0.2736734449863434,2202.0,911.0
"10.324181275911162, 105.24073311268103",Rice,105.24073311268103,10.324181275911162,19.59900805387502,0.04652196541428566,0.29149770736694336,2947.0,1409.0
"10.323727047081501, 105.2788883343708",Rice,105.2788883343708,10.323727047081501,16.34302582217319,0.06211210787296295,0.16465502977371216,3577.0,1446.0
"10.324181275911162, 105.26571569831123",Rice,105.26571569831123,10.324181275911162,17.444397640995703,0.10124769806861877,0.2579658031463623,2434.0,943.0
"10.32009321644422, 105.24800077395528",Rice,105.24800077395528,10.32009321644422,18.687890708572183,0.014681143686175346,0.21780188381671906,2470.0,1350.0
"10.32327281825184, 105.23164853608824",Rice,105.23164853608824,10.32327281825184,20.360844235017353,0.12434141337871552,0.13625876605510712,1617.0,753.0
"10.318730529955241, 105.22983162076967",Rice,105.22983162076967,10.318730529955241,20.254045408520103,0.020063528791069984,0.07415179908275604,3044.0,1419.0
"10.323727047081501, 105.24436694331814",Rice,105.24436694331814,10.323727047081501,19.246761452171526,0.02490244247019291,0.1361306756734848,1929.0,971.0
"10.324181275911162, 105.28206793617827",Rice,105.28206793617827,10.324181275911162,16.12936727471571,0.05839313566684723,0.11456409096717834,2555.0,933.0
"10.325089733570481, 105.28524753798575",Rice,105.28524753798575,10.325089733570481,15.956857914052302,0.007891598157584667,0.04516724497079849,2956.0,944.0
"10.320547445273881, 105.22756047662148",Rice,105.22756047662148,10.320547445273881,20.57189751655022,0.037515293806791306,0.09616880118846893,5074.0,1461.0
"10.32009321644422, 105.24527540097742",Rice,105.24527540097742,10.32009321644422,18.93077220361817,0.053700484335422516,0.09667691588401794,2273.0,1256.0
"10.324635504740822, 105.26980375777799",Rice,105.26980375777799,10.324635504740822,17.14116924050553,0.045547205954790115,0.09093920886516571,3073.0,1602.0
"10.323727047081501, 105.24527540097742",Rice,105.24527540097742,10.323727047081501,19.166447690533424,0.07052689790725708,0.16588915884494781,2741.0,797.0
"10.320547445273881, 105.23800773970319",Rice,105.23800773970319,10.320547445273881,19.614101866279235,0.0593247190117836,0.2290654331445694,3235.0,838.0
"10.324635504740822, 105.26616992714088",Rice,105.26616992714088,10.324635504740822,17.4397430345141,0.05266978591680527,0.1975775808095932,2730.0,1141.0
"10.323727047081501, 105.27707141905222",Rice,105.27707141905222,10.323727047081501,16.487033672996972,0.0319734625518322,0.05972043052315712,2753.0,1171.0
"10.321001674103542, 105.23028584959931",Rice,105.23028584959931,10.321001674103542,20.34747307536548,0.007729344069957733,0.16314385831356049,3116.0,1232.0
"10.319184758784901, 105.23437390906608",Rice,105.23437390906608,10.319184758784901,19.86218750004028,0.03949970006942749,0.13800811767578125,2273.0,1268.0
"10.320547445273881, 105.25208883342202",Rice,105.25208883342202,10.320547445273881,18.3567394704228,0.018542597070336342,0.2801072299480438,3869.0,1766.0
"10.321910131762861, 105.24618385863673",Rice,105.24618385863673,10.321910131762861,18.967267654329305,0.08622049540281296,0.42296481132507324,2004.0,1009.0
"10.325089733570481, 105.26208186767411",Rice,105.26208186767411,10.325089733570481,17.81273898747076,0.014387331902980804,0.2133255898952484,2601.0,1156.0
"10.321455902933202, 105.2266520189622",Rice,105.2266520189622,10.321455902933202,20.709839748307143,0.09218257665634155,0.18351943790912628,3717.0,746.0
"10.32327281825184, 105.28797291096359",Rice,105.28797291096359,10.32327281825184,15.604511070721575,0.010603048838675022,0.19808335602283478,2824.0,1290.0
"10.318730529955241, 105.2348281378957",Rice,105.2348281378957,10.318730529955241,19.793020519304118,0.06898516416549683,0.26345691084861755,2407.0,1128.0
"10.324181275911162, 105.24890923161456",Rice,105.24890923161456,10.324181275911162,18.877371977012643,0.017590366303920746,0.09434857964515686,3335.0,953.0
"10.323727047081501, 105.2416415703403",Rice,105.2416415703403,10.323727047081501,19.48875856603035,0.029544102028012276,0.20311148464679718,2620.0,1563.0
"9.983509653666161, 105.50282314738331",Rice,105.50282314738331,9.983509653666161,29.406262647925086,0.02899298258125782,0.24773117899894714,2748.0,1014.0
"9.966248958139081, 105.52735150418388",Rice,105.52735150418388,9.966248958139081,32.337336530962816,0.036156877875328064,0.1752566397190094,5493.0,2408.0
"9.962160898672142, 105.52008384290963",Rice,105.52008384290963,9.962160898672142,32.371104425026886,0.019828053191304207,0.08623671531677246,2200.0,1382.0
"9.98169273834752, 105.53143956365062",Rice,105.53143956365062,9.98169273834752,31.06394578105139,0.010206891223788261,0.19708940386772156,3635.0,1510.0
"9.974425077072961, 105.48510822302734",Rice,105.48510822302734,9.974425077072961,29.55944113436093,0.008852952159941196,0.24859195947647095,2806.0,982.0
"9.99259423025936, 105.51645001227251",Rice,105.51645001227251,9.99259423025936,29.19484378155366,0.004634862765669823,0.09026207774877548,2475.0,1071.0
"9.982601196006842, 105.54779180151766",Rice,105.54779180151766,9.982601196006842,31.93003312847999,0.027043264359235764,0.36182594299316406,1868.0,645.0
"9.94490020314506, 105.52144652939856",Rice,105.52144652939856,9.94490020314506,34.15926611655037,0.0029384130612015724,0.12338690459728241,3389.0,1526.0
"9.991685772600041, 105.49600971493871",Rice,105.49600971493871,9.991685772600041,28.265296907299444,0.07144870609045029,0.1792374849319458,2664.0,691.0
"9.975787763561941, 105.49373857079053",Rice,105.49373857079053,9.975787763561941,29.77747901065408,0.03776562213897705,0.29767900705337524,2667.0,667.0
"9.992140001429702, 105.51645001227251",Rice,105.51645001227251,9.992140001429702,29.23898249182351,0.004945622757077217,0.06504694372415543,2703.0,1208.0
"9.979421594199222, 105.50963657982791",Rice,105.50963657982791,9.979421594199222,30.14246904839299,0.005890089087188244,0.10150784999132156,2025.0,865.0
"9.976241992391602, 105.48601668068665",Rice,105.48601668068665,9.976241992391602,29.408033140161873,0.016901129856705666,0.2598031163215637,2582.0,1243.0
"9.983509653666161, 105.52871419067279",Rice,105.52871419067279,9.983509653666161,30.738330111062805,0.008456339128315449,0.2851639986038208,3096.0,1219.0
"9.990777314940722, 105.49964354557582",Rice,105.49964354557582,9.990777314940722,28.52704531133274,0.01631556823849678,0.17143794894218445,2651.0,1327.0
"9.95443900856792, 105.52825996184316",Rice,105.52825996184316,9.95443900856792,33.54384116910463,0.008719178847968578,0.09739063680171967,2746.0,1175.0
"9.994411145578, 105.50872812216863",Rice,105.50872812216863,9.994411145578,28.614121739468988,0.006548612378537655,0.05030076205730438,2947.0,1143.0
"9.98805194196276, 105.51054503748719",Rice,105.51054503748719,9.98805194196276,29.33274449727687,0.057417117059230804,0.11308210343122482,1438.0,450.0
"9.947171347293361, 105.51735846993179",Rice,105.51735846993179,9.947171347293361,33.73943991153794,0.005153825972229242,0.015848245471715927,3262.0,1323.0
"9.97669622122126, 105.53734453843595",Rice,105.53734453843595,9.97669622122126,31.872819002680057,0.01893836259841919,0.12197732925415039,1555.0,1095.0
"9.952622093249282, 105.51554155461324",Rice,105.51554155461324,9.952622093249282,33.1062297681648,0.0242163073271513,0.23221455514431,1305.0,611.0
"9.964886271650101, 105.50009777440548",Rice,105.50009777440548,9.964886271650101,31.166347374158377,0.007131908088922501,0.14020183682441711,1986.0,620.0
"9.98941462845174, 105.52962264833207",Rice,105.52962264833207,9.98941462845174,30.225076506185733,0.0030196523293852806,0.09613130986690521,3355.0,1248.0
"9.95943552569418, 105.50691120685008",Rice,105.50691120685008,9.95943552569418,32.02255746740302,0.016648540273308754,0.20562826097011566,1636.0,764.0
"9.971245475265341, 105.49600971493871",Rice,105.49600971493871,9.971245475265341,30.33969814379,0.006074906326830387,0.06088995188474655,2367.0,1557.0
"9.97533353473228, 105.53371070779883",Rice,105.53371070779883,9.97533353473228,31.79936835204102,0.007204399444162846,0.12777884304523468,3968.0,1203.0
"9.980330051858541, 105.51009080865757",Rice,105.51009080865757,9.980330051858541,30.074420656910558,0.018572447821497917,0.03361743316054344,1966.0,1055.0
"9.966248958139081, 105.53280225013955",Rice,105.53280225013955,9.966248958139081,32.625760503791255,0.006390808150172234,0.038990482687950134,3129.0,1760.0
"9.977150450050921, 105.50827389333898",Rice,105.50827389333898,9.977150450050921,30.302819567551158,0.029125258326530457,0.243942990899086,2956.0,622.0
"9.97987582302888, 105.49600971493871",Rice,105.49600971493871,9.97987582302888,29.460268054632888,0.009777531027793884,0.3522878885269165,2667.0,962.0
"9.966248958139081, 105.49782663025726",Rice,105.49782663025726,9.966248958139081,30.928748736536132,0.011964783072471619,0.0901789590716362,2939.0,1105.0
"9.977604678880581, 105.51508732578358",Rice,105.51508732578358,9.977604678880581,30.592964222256803,0.01666397415101528,0.21781638264656067,4071.0,846.0
"9.985326568984801, 105.50645697802042",Rice,105.50645697802042,9.985326568984801,29.39948523037777,0.0411134697496891,0.3083028495311737,2370.0,585.0
"9.98805194196276, 105.4991893167462",Rice,105.4991893167462,9.98805194196276,28.779133607229696,0.029992638155817986,0.14406955242156982,2497.0,925.0
"9.985780797814462, 105.54506642853983",Rice,105.54506642853983,9.985780797814462,31.470505136964945,0.024864524602890015,0.34143298864364624,805.0,395.0
"9.986689255473781, 105.51099926631684",Rice,105.51099926631684,9.986689255473781,29.490115635987678,0.013054344803094864,0.25288715958595276,2052.0,750.0
"9.99123154377038, 105.51327041046503",Rice,105.51327041046503,9.99123154377038,29.16028752521748,0.005601202603429556,0.14202627539634705,2870.0,916.0
"9.974425077072961, 105.50827389333898",Rice,105.50827389333898,9.974425077072961,30.575368964685026,0.009512903168797493,0.22605304419994354,978.0,410.0
"9.969882788776362, 105.49646394376836",Rice,105.49646394376836,9.969882788776362,30.498562025979563,0.005425998009741306,0.025429995730519295,3701.0,1537.0
"9.956710152716221, 105.51645001227251",Rice,105.51645001227251,9.956710152716221,32.73858221119579,0.02300424687564373,0.19283007085323334,1461.0,509.0
"9.983509653666161, 105.53416493662849",Rice,105.53416493662849,9.983509653666161,31.044466100648627,0.005151803605258465,0.17203083634376526,2883.0,1926.0
"9.976241992391602, 105.48556245185699",Rice,105.48556245185699,9.976241992391602,29.389678637890867,0.010329196229577065,0.051930107176303864,3381.0,1325.0
"9.9512594067603, 105.51463309695396",Rice,105.51463309695396,9.9512594067603,33.201290999487014,0.00798287708312273,0.20098277926445007,1997.0,592.0
"9.972608161754321, 105.53461916545811",Rice,105.53461916545811,9.972608161754321,32.11116713443549,0.004575828555971384,0.04313600808382034,2814.0,1012.0
"9.9785131365399, 105.52825996184316",Rice,105.52825996184316,9.9785131365399,31.194161653385176,0.00583281135186553,0.24214375019073486,1679.0,602.0
"9.996682289726301, 105.5005520032351",Rice,105.5005520032351,9.996682289726301,27.980930467314426,0.026682374998927116,0.1751323640346527,2354.0,1230.0
"9.99259423025936, 105.52008384290963",Rice,105.52008384290963,9.99259423025936,29.39048499631869,0.003596236929297447,0.06789296865463257,2530.0,991.0
"9.996228060896641, 105.51463309695396",Rice,105.51463309695396,9.996228060896641,28.745032944411275,0.012445857748389244,0.22116580605506897,2232.0,621.0
"9.989868857281401, 105.52053807173928",Rice,105.52053807173928,9.989868857281401,29.678399159030608,0.023401783779263496,0.22252269089221954,2543.0,1098.0
"9.977150450050921, 105.5128161816354",Rice,105.5128161816354,9.977150450050921,30.5245475933665,0.00979962944984436,0.088791124522686,2893.0,1678.0
"9.953530550908601, 105.52871419067279",Rice,105.52871419067279,9.953530550908601,33.65641382166855,0.0047995708882808685,0.029630061239004135,4237.0,1455.0
"9.973062390583982, 105.5209923005689",Rice,105.5209923005689,9.973062390583982,31.340530890900204,0.02213476411998272,0.24267859756946564,3073.0,1358.0
"9.990323086111061, 105.51054503748719",Rice,105.51054503748719,9.990323086111061,29.109027535071945,0.023758478462696075,0.34800073504447937,2609.0,890.0
"9.954893237397581, 105.52508036003567",Rice,105.52508036003567,9.954893237397581,33.33940535155161,0.0178486630320549,0.14630721509456635,2725.0,1598.0
"9.969428559946701, 105.50191468972403",Rice,105.50191468972403,9.969428559946701,30.784701601429777,0.06991270929574966,0.34721484780311584,3194.0,1952.0
"9.972608161754321, 105.48965051132376",Rice,105.48965051132376,9.972608161754321,29.931405483648415,0.003086140612140298,0.18042783439159393,3277.0,1378.0
"9.958072839205201, 105.52144652939856",Rice,105.52144652939856,9.958072839205201,32.84420388071926,0.00824561808258295,0.0778752863407135,3023.0,1324.0
"9.973970848243301, 105.48737936717555",Rice,105.48737936717555,9.973970848243301,29.697887047558403,0.011542677879333496,0.022796915844082832,2855.0,1204.0
"9.974879305902622, 105.48692513834592",Rice,105.48692513834592,9.974879305902622,29.585625307381182,0.005444077309221029,0.07966739684343338,2588.0,1289.0
"9.97987582302888, 105.5141788681243",Rice,105.5141788681243,9.97987582302888,30.322958134089866,0.008616115897893906,0.23406551778316498,2814.0,1242.0
"9.99123154377038, 105.50191468972403",Rice,105.50191468972403,9.99123154377038,28.59037545993917,0.019349994137883186,0.3908734917640686,2413.0,558.0
"9.95943552569418, 105.5323480213099",Rice,105.5323480213099,9.95943552569418,33.26432314837149,0.008203298784792423,0.14094747602939606,1130.0,476.0
"9.9626151275018, 105.52326344471712",Rice,105.52326344471712,9.9626151275018,32.48479660944487,0.016266142949461937,0.06530986726284027,2549.0,775.0
"9.952167864419621, 105.52689727535423",Rice,105.52689727535423,9.952167864419621,33.699801029068034,0.016650184988975525,0.09520874172449112,2471.0,1918.0
"9.985780797814462, 105.54688334385838",Rice,105.54688334385838,9.985780797814462,31.580536156815967,0.004675657954066992,0.04497446492314339,3898.0,1813.0
"9.977150450050921, 105.51009080865757",Rice,105.51009080865757,9.977150450050921,30.390728588436506,0.010765505023300648,0.16018223762512207,2091.0,493.0
"9.985780797814462, 105.50918235099826",Rice,105.50918235099826,9.985780797814462,29.488779038434135,0.0433046817779541,0.2380717396736145,1399.0,677.0
"9.984418111325482, 105.5073654356797",Rice,105.5073654356797,9.984418111325482,29.534296142097975,0.02135489135980606,0.2290765941143036,2659.0,889.0
"9.94807980495268, 105.51735846993179",Rice,105.51735846993179,9.94807980495268,33.64797612413455,0.008102118968963623,0.08537355810403824,3084.0,1542.0
"9.974879305902622, 105.49010474015338",Rice,105.49010474015338,9.974879305902622,29.71651688489695,0.0022356121335178614,0.11434148997068405,2068.0,567.0
"9.969428559946701, 105.49555548610908",Rice,105.49555548610908,9.969428559946701,30.50599143045312,0.05257705599069595,0.1066681295633316,2615.0,1203.0
"9.999861891533921, 105.50645697802042",Rice,105.50645697802042,9.999861891533921,27.962090624858437,0.007701311260461807,0.07761640101671219,3181.0,1209.0
"9.957164381545882, 105.53053110599134",Rice,105.53053110599134,9.957164381545882,33.391910066375374,0.005921390373259783,0.09301894158124924,3338.0,1964.0
"9.958981296864522, 105.51690424110214",Rice,105.51690424110214,9.958981296864522,32.53299176412406,0.020779279991984367,0.17047525942325592,880.0,389.0
"9.950805177930642, 105.51463309695396",Rice,105.51463309695396,9.950805177930642,33.2470931151041,0.010672920383512974,0.17980894446372986,1621.0,641.0
"9.959889754523841, 105.53007687716172",Rice,105.53007687716172,9.959889754523841,33.10135279147349,0.004430371802300215,0.02029387466609478,2289.0,963.0
"9.995319603237322, 105.50146046089439",Rice,105.50146046089439,9.995319603237322,28.16091249367438,0.02022300846874714,0.26957687735557556,2688.0,1326.0
"9.9785131365399, 105.50918235099826",Rice,105.50918235099826,9.9785131365399,30.21078365156271,0.01316156331449747,0.25532808899879456,3288.0,1644.0
"9.959889754523841, 105.52508036003567",Rice,105.52508036003567,9.959889754523841,32.845439783571784,0.007263714447617531,0.08531739562749863,2530.0,1079.0
"9.972608161754321, 105.48874205366448",Rice,105.48874205366448,9.972608161754321,29.894086796789278,0.004224661272019148,0.17429254949092865,3536.0,1176.0
"9.966703186968742, 105.50009777440548",Rice,105.50009777440548,9.966703186968742,30.981136376089253,0.0217739250510931,0.3554651737213135,1061.0,405.0
"9.966703186968742, 105.53189379248028",Rice,105.53189379248028,9.966703186968742,32.533027694553496,0.006341082509607077,0.0985506922006607,2398.0,1194.0
"9.987597713133102, 105.50509429153152",Rice,105.50509429153152,9.987597713133102,29.106908067838326,0.017037561163306236,0.24111294746398926,2293.0,986.0
"9.9467171184637, 105.5241719023764",Rice,105.5241719023764,9.9467171184637,34.10778470251152,0.007709236815571785,0.0559735968708992,3802.0,2125.0
"9.982146967177181, 105.52780573301351",Rice,105.52780573301351,9.982146967177181,30.819166363761454,0.02676388993859291,0.05393482372164726,3079.0,1711.0
"9.984418111325482, 105.49146742664232",Rice,105.49146742664232,9.984418111325482,28.797763173360075,0.025544222444295883,0.17307256162166595,2738.0,1158.0
"9.977604678880581, 105.52462613120602",Rice,105.52462613120602,9.977604678880581,31.086674054082337,0.02281445451080799,0.1769736260175705,4541.0,1162.0
"9.961252441012821, 105.51872115642072",Rice,105.51872115642072,9.961252441012821,32.39444330664341,0.005067005753517151,0.024995746091008186,3159.0,1631.0
"9.984418111325482, 105.50918235099826",Rice,105.50918235099826,9.984418111325482,29.623816064576136,0.07708676159381866,0.13295206427574158,5276.0,1411.0
"9.955347466227241, 105.52598881769495",Rice,105.52598881769495,9.955347466227241,33.33980141368225,0.009328517131507397,0.025299925357103348,3459.0,1642.0
"9.97987582302888, 105.54052414024343",Rice,105.54052414024343,9.97987582302888,31.754036111396978,0.009026470594108105,0.04417280852794647,3067.0,1317.0
"9.958527068034861, 105.52462613120602",Rice,105.52462613120602,9.958527068034861,32.957144868437936,0.0035487916320562363,0.031076636165380478,2388.0,1613.0
"9.985326568984801, 105.53416493662849",Rice,105.53416493662849,9.985326568984801,30.87206864859656,0.004013818223029375,0.08721248805522919,4154.0,1626.0
"9.987597713133102, 105.52553458886531",Rice,105.52553458886531,9.987597713133102,30.170163414962524,0.0022522781509906054,0.532325804233551,2584.0,1293.0
"9.978967365369561, 105.52553458886531",Rice,105.52553458886531,9.978967365369561,31.002951784610097,0.013067946769297123,0.1423746943473816,4472.0,1686.0
"9.977604678880581, 105.4878335960052",Rice,105.4878335960052,9.977604678880581,29.34179638967152,0.008967427536845207,0.13067622482776642,2903.0,1127.0
"9.974879305902622, 105.52371767354674",Rice,105.52371767354674,9.974879305902622,31.304141487302584,0.00405685231089592,0.026831621304154396,2908.0,1262.0
"9.994865374407661, 105.51099926631684",Rice,105.51099926631684,9.994865374407661,28.686589576783383,0.002157894428819418,0.04235529527068138,3687.0,1305.0
"9.977604678880581, 105.53825299609522",Rice,105.53825299609522,9.977604678880581,31.838137693914216,0.004310556221753359,0.049884453415870667,2647.0,958.0
"9.97351661941364, 105.54279528439164",Rice,105.54279528439164,9.97351661941364,32.48585595347528,0.019397886469960213,0.31311747431755066,3058.0,1356.0
"9.99577383206698, 105.50554852036115",Rice,105.50554852036115,9.99577383206698,28.318571258294142,0.008132671006023884,0.1425928920507431,4487.0,2538.0
"9.974879305902622, 105.48647090951627",Rice,105.48647090951627,9.974879305902622,29.56721371840154,0.006132989190518856,0.09826717525720596,3269.0,1631.0
"9.9671574157984, 105.52326344471712",Rice,105.52326344471712,9.9671574157984,32.03721273672457,0.022174637764692307,0.3037639260292053,3212.0,1946.0
"9.980784280688201, 105.5264430465246",Rice,105.5264430465246,9.980784280688201,30.876180388663137,0.014277061447501183,0.17167748510837555,2848.0,1051.0
"9.964432042820441, 105.4991893167462",Rice,105.4991893167462,9.964432042820441,31.173248302761007,0.01325968373566866,0.5611043572425842,1185.0,591.0
"9.981238509517862, 105.506002749190",Rice,105.50600274919,9.981238509517862,29.78521037275098,0.010369493626058102,0.24179954826831818,2502.0,1254.0
"9.98805194196276, 105.50554852036115",Rice,105.50554852036115,9.98805194196276,29.083908435513294,0.010908969677984715,0.25439563393592834,2508.0,1034.0
"9.986689255473781, 105.49146742664232",Rice,105.49146742664232,9.986689255473781,28.5662918832568,0.004812121856957674,0.05022196099162102,1108.0,405.0
"9.969428559946701, 105.49737240142764",Rice,105.49737240142764,9.969428559946701,30.584265156970478,0.008660341612994671,0.4082086384296417,4771.0,2256.0
"9.987597713133102, 105.50009777440548",Rice,105.50009777440548,9.987597713133102,28.867432384816322,0.03255782276391983,0.19218280911445618,1309.0,749.0
"9.977150450050921, 105.54279528439164",Rice,105.54279528439164,9.977150450050921,32.142894133229106,0.007445585913956165,0.09119154512882233,2540.0,1127.0
"9.973062390583982, 105.49101319781266",Rice,105.49101319781266,9.973062390583982,29.941218302701163,0.026145564392209053,0.43607041239738464,2243.0,788.0
"9.952167864419621, 105.52190075822818",Rice,105.52190075822818,9.952167864419621,33.45415302353724,0.012361889705061913,0.24642859399318695,2072.0,1442.0
"9.985326568984801, 105.49782663025726",Rice,105.49782663025726,9.985326568984801,28.990395376105134,0.03343496844172478,0.15463945269584656,3086.0,1362.0
"9.976241992391602, 105.48647090951627",Rice,105.48647090951627,9.976241992391602,29.426460220743856,0.0066884844563901424,0.13953140377998352,3527.0,1568.0
"9.979421594199222, 105.49555548610908",Rice,105.49555548610908,9.979421594199222,29.486291358900758,0.014304785057902336,0.42730912566185,3500.0,1037.0
"9.984418111325482, 105.54506642853983",Rice,105.54506642853983,9.984418111325482,31.59708202395444,0.010603880509734154,0.282240092754364,911.0,425.0
"9.972608161754321, 105.53734453843595",Rice,105.53734453843595,9.972608161754321,32.26268833899443,0.00525051262229681,0.08965561538934708,2482.0,1345.0
"9.980784280688201, 105.49646394376836",Rice,105.49646394376836,9.980784280688201,29.388291647988627,0.02534656785428524,0.31860676407814026,2750.0,1073.0
"9.98487234015514, 105.50146046089439",Rice,105.50146046089439,9.98487234015514,29.20520103172167,0.015802066773176193,0.23428374528884888,1596.0,712.0
"9.961252441012821, 105.52598881769495",Rice,105.52598881769495,9.961252441012821,32.757254690165645,0.0074445940554142,0.08546868711709976,2614.0,1111.0
"9.94989672027132, 105.51826692759107",Rice,105.51826692759107,9.94989672027132,33.50785608407777,0.018126633018255234,0.06526985764503479,3650.0,1634.0
"9.98941462845174, 105.50827389333898",Rice,105.50827389333898,9.98941462845174,29.083817610039933,0.029975591227412224,0.23248597979545593,968.0,408.0
"9.97533353473228, 105.48556245185699",Rice,105.48556245185699,9.97533353473228,29.48361939938643,0.018937859684228897,0.14993180334568024,3080.0,1488.0
"9.9830554248365, 105.53870722492488",Rice,105.53870722492488,9.9830554248365,31.34877657699101,0.009197707287967205,0.017103619873523712,2780.0,1579.0
"9.98805194196276, 105.5377987672656",Rice,105.5377987672656,9.98805194196276,30.82581747884472,0.008633309043943882,0.04831746593117714,3376.0,1464.0
"9.982146967177181, 105.49646394376836",Rice,105.49646394376836,9.982146967177181,29.25007685473209,0.02391653135418892,0.2774019241333008,2529.0,576.0
"9.986689255473781, 105.50373160504259",Rice,105.50373160504259,9.986689255473781,29.13146052861659,0.026023944839835167,0.24758946895599365,1945.0,599.0
"9.994411145578, 105.51781269876145",Rice,105.51781269876145,9.994411145578,29.091823208260834,0.007700102869421244,0.07326581329107285,2606.0,1100.0
"9.982601196006842, 105.50327737621296",Rice,105.50327737621296,9.982601196006842,29.518855657280042,0.026080740615725517,0.2930977940559387,1909.0,1100.0
"9.978967365369561, 105.50418583387224",Rice,105.50418583387224,9.978967365369561,29.926340155561828,0.012208623811602592,0.2437172681093216,1135.0,531.0
"10.001224578022901, 105.50464006270187",Rice,105.50464006270187,10.001224578022901,27.73517067751273,0.004691476467996836,0.08305637538433075,3195.0,1134.0
"9.96897433111704, 105.52371767354674",Rice,105.52371767354674,9.96897433111704,31.88203167006567,0.01531408354640007,0.29510051012039185,3086.0,2063.0
"9.950805177930642, 105.52008384290963",Rice,105.52008384290963,9.950805177930642,33.50291459703149,0.009648389182984829,0.12782183289527893,3132.0,2481.0
"9.98941462845174, 105.4991893167462",Rice,105.4991893167462,9.98941462845174,28.642253948814083,0.027081996202468872,0.24193616211414337,1607.0,867.0
"9.97351661941364, 105.53643608077667",Rice,105.53643608077667,9.97351661941364,32.12503212819906,0.0050052436999976635,0.05554219335317612,1568.0,1661.0
"9.97533353473228, 105.52144652939856",Rice,105.52144652939856,9.97533353473228,31.141247909394295,0.014897631481289864,0.10563641786575317,2065.0,1440.0
"9.9671574157984, 105.49373857079053",Rice,105.49373857079053,9.9671574157984,30.662035929655104,0.01234049629420042,0.1329628974199295,2851.0,1205.0
"9.967611644628061, 105.50827389333898",Rice,105.50827389333898,9.967611644628061,31.259199470569666,0.004097990691661835,0.1871979981660843,1823.0,1524.0
"9.982601196006842, 105.51690424110214",Rice,105.51690424110214,9.982601196006842,30.193959646317108,0.01942700892686844,0.2578776478767395,3575.0,1603.0
"9.9830554248365, 105.53825299609522",Rice,105.53825299609522,9.9830554248365,31.32240380266935,0.007940771989524364,0.03470417857170105,3650.0,1217.0
"9.968520102287382, 105.4946470284498",Rice,105.4946470284498,9.968520102287382,30.560399748468132,0.02192099019885063,0.33281388878822327,2258.0,767.0
"9.974425077072961, 105.50645697802042",Rice,105.50645697802042,9.974425077072961,30.489289198464387,0.044166117906570435,0.44912099838256836,4210.0,2186.0
"9.96397781399078, 105.52371767354674",Rice,105.52371767354674,9.96397781399078,32.373360154278785,0.01912812702357769,0.2654760479927063,2634.0,988.0
"9.991685772600041, 105.51645001227251",Rice,105.51645001227251,9.991685772600041,29.283141788080847,0.0038486376870423555,0.09520310908555984,2266.0,1272.0
"9.985780797814462, 105.50872812216863",Rice,105.50872812216863,9.985780797814462,29.466196221357507,0.042258214205503464,0.08510240167379379,2372.0,603.0
"9.981238509517862, 105.50373160504259",Rice,105.50373160504259,9.981238509517862,29.677000311303004,0.03024536930024624,0.1436307430267334,3464.0,1689.0
"9.971699704095002, 105.4923758843016",Rice,105.4923758843016,9.971699704095002,30.13831166773288,0.007440158631652594,0.07406648248434067,2483.0,1017.0
"9.95307632207894, 105.51599578344286",Rice,105.51599578344286,9.95307632207894,33.08179355819001,0.0201587975025177,0.7331541776657104,1820.0,1055.0
"9.97987582302888, 105.51554155461324",Rice,105.51554155461324,9.97987582302888,30.39192051419956,0.02494126930832863,0.16129979491233826,3062.0,1280.0
"10.481616988271316, 104.91150805695796",Non Rice,104.91150805695796,10.481616988271316,59.45573173974812,0.05889446288347244,0.24140335619449615,5665.0,2539.0
"10.481162759441657, 104.91150805695796",Non Rice,104.91150805695796,10.481162759441657,59.43125398790705,0.06116899475455284,0.12203970551490784,6245.0,2791.0
"10.480708530611997, 104.91150805695796",Non Rice,104.91150805695796,10.480708530611997,59.406809091486636,0.0456719771027565,0.2086472362279892,7827.0,4609.0
"10.480254301782336, 104.91150805695796",Non Rice,104.91150805695796,10.480254301782336,59.38239709106197,0.05562193691730499,0.19622349739074707,3415.0,2638.0
"10.479800072952678, 104.91150805695796",Non Rice,104.91150805695796,10.479800072952678,59.35801802722029,0.07441219687461853,0.2966464161872864,4271.0,2124.0
"10.479345844123017, 104.91150805695796",Non Rice,104.91150805695796,10.479345844123017,59.333671940560414,0.025753378868103027,0.13098086416721344,4156.0,2231.0
"10.478891615293357, 104.91150805695796",Non Rice,104.91150805695796,10.478891615293357,59.30935887169319,0.06627978384494781,0.14542566239833832,5113.0,3711.0
"10.478437386463696, 104.91150805695796",Non Rice,104.91150805695796,10.478437386463696,59.285078861240805,0.07131935656070709,0.2852219045162201,7220.0,3869.0
"10.477983157634037, 104.91150805695796",Non Rice,104.91150805695796,10.477983157634037,59.26083194983689,0.032604098320007324,0.11486101895570755,8052.0,3581.0
"10.477528928804377, 104.91150805695796",Non Rice,104.91150805695796,10.477528928804377,59.23661817812586,0.05987575650215149,0.1841537058353424,5493.0,3795.0
"10.477074699974716, 104.91150805695796",Non Rice,104.91150805695796,10.477074699974716,59.212437586763286,0.025842543691396713,0.17759071290493011,6488.0,4477.0
"10.476620471145058, 104.91150805695796",Non Rice,104.91150805695796,10.476620471145058,59.18829021641547,0.04661758616566658,0.17680975794792175,6039.0,3180.0
"10.476166242315397, 104.91150805695796",Non Rice,104.91150805695796,10.476166242315397,59.16417610775885,0.056984566152095795,0.16879670321941376,5798.0,2221.0
"10.475712013485737, 104.91150805695796",Non Rice,104.91150805695796,10.475712013485737,59.140095301480436,0.06489008665084839,0.3395483195781708,7634.0,3729.0
"10.475257784656076, 104.91150805695796",Non Rice,104.91150805695796,10.475257784656076,59.11604783827721,0.05742291733622551,0.3444388210773468,5374.0,2763.0
"10.474803555826417, 104.91150805695796",Non Rice,104.91150805695796,10.474803555826417,59.09203375885609,0.09494569152593613,0.09717147797346115,3041.0,2181.0
"10.474349326996757, 104.91150805695796",Non Rice,104.91150805695796,10.474349326996757,59.06805310393335,0.12448751926422119,0.21538810431957245,4461.0,3551.0
"10.473895098167096, 104.91150805695796",Non Rice,104.91150805695796,10.473895098167096,59.04410591423499,0.20239728689193726,0.2417990267276764,3332.0,2518.0
"10.473440869337438, 104.91150805695796",Non Rice,104.91150805695796,10.473440869337438,59.02019223049621,0.0906650647521019,0.3486916422843933,5086.0,2595.0
"10.472986640507777, 104.91150805695796",Non Rice,104.91150805695796,10.472986640507777,58.99631209346094,0.11845330148935318,0.6580470204353333,3043.0,2248.0
"10.472532411678117, 104.91150805695796",Non Rice,104.91150805695796,10.472532411678117,58.972465543882194,0.1195666640996933,0.3204689025878906,4020.0,2930.0
"10.472078182848456, 104.91150805695796",Non Rice,104.91150805695796,10.472078182848456,58.94865262252145,0.08308890461921692,0.1252674013376236,7261.0,2636.0
"10.471623954018797, 104.91150805695796",Non Rice,104.91150805695796,10.471623954018797,58.92487337014867,0.03724689409136772,0.22478164732456207,3994.0,4157.0
"10.481616988271316, 104.91196228578761",Non Rice,104.91196228578761,10.481616988271316,59.41230258664511,0.045089446008205414,0.3016868233680725,5090.0,3169.0
"10.481162759441657, 104.91196228578761",Non Rice,104.91196228578761,10.481162759441657,59.38780687147457,0.030316224321722984,0.08070702105760574,5963.0,2951.0
"10.480708530611997, 104.91196228578761",Non Rice,104.91196228578761,10.480708530611997,59.363344020963446,0.03385712578892708,0.28278836607933044,4414.0,2940.0
"10.480254301782336, 104.91196228578761",Non Rice,104.91196228578761,10.480254301782336,59.338914075757856,0.058646418154239655,0.11379273235797882,5989.0,4134.0
"10.479800072952678, 104.91196228578761",Non Rice,104.91196228578761,10.479800072952678,59.31451707651614,0.05482130125164986,0.48351359367370605,6810.0,4112.0
"10.479345844123017, 104.91196228578761",Non Rice,104.91196228578761,10.479345844123017,59.290153063908406,0.04517960175871849,0.25323668122291565,5235.0,4549.0
"10.478891615293357, 104.91196228578761",Non Rice,104.91196228578761,10.478891615293357,59.265822078616885,0.022236378863453865,0.1126822754740715,6079.0,3406.0
"10.478437386463696, 104.91196228578761",Non Rice,104.91196228578761,10.478437386463696,59.24152416133535,0.03673728555440903,0.06030840426683426,5470.0,4444.0
"10.477983157634037, 104.91196228578761",Non Rice,104.91196228578761,10.477983157634037,59.21725935276909,0.05367102101445198,0.12722337245941162,5159.0,3814.0
"10.477528928804377, 104.91196228578761",Non Rice,104.91196228578761,10.477528928804377,59.19302769363441,0.049104977399110794,0.20186536014080048,4177.0,2723.0
"10.477074699974716, 104.91196228578761",Non Rice,104.91196228578761,10.477074699974716,59.16882922465886,0.04619048908352852,0.1881040632724762,5676.0,3178.0
"10.476620471145058, 104.91196228578761",Non Rice,104.91196228578761,10.476620471145058,59.14466398658085,0.07135819643735886,0.22234979271888733,4992.0,3176.0
"10.476166242315397, 104.91196228578761",Non Rice,104.91196228578761,10.476166242315397,59.12053202014907,0.038840629160404205,0.31925755739212036,6249.0,5493.0
"10.475712013485737, 104.91196228578761",Non Rice,104.91196228578761,10.475712013485737,59.09643336612296,0.04445452615618706,0.17840057611465454,7206.0,4563.0
"10.475257784656076, 104.91196228578761",Non Rice,104.91196228578761,10.475257784656076,59.07236806527208,0.038173750042915344,0.15484517812728882,7178.0,3698.0
"10.474803555826417, 104.91196228578761",Non Rice,104.91196228578761,10.474803555826417,59.048336158375996,0.09499528259038925,0.33470672369003296,4796.0,2751.0
"10.474349326996757, 104.91196228578761",Non Rice,104.91196228578761,10.474349326996757,59.02433768622382,0.02612142264842987,0.22964301705360413,4952.0,2858.0
"10.473895098167096, 104.91196228578761",Non Rice,104.91196228578761,10.473895098167096,59.00037268961453,0.05335761606693268,0.1374419629573822,7408.0,1825.0
"10.473440869337438, 104.91196228578761",Non Rice,104.91196228578761,10.473440869337438,58.97644120935644,0.045473672449588776,0.2243969440460205,7454.0,4234.0
"10.472986640507777, 104.91196228578761",Non Rice,104.91196228578761,10.472986640507777,58.95254328626672,0.03684748336672783,0.3543585538864136,8079.0,5368.0
"10.472532411678117, 104.91196228578761",Non Rice,104.91196228578761,10.472532411678117,58.92867896117178,0.05111199989914894,0.320137083530426,7849.0,4198.0
"10.472078182848456, 104.91196228578761",Non Rice,104.91196228578761,10.472078182848456,58.90484827490661,0.045627422630786896,0.25499698519706726,6283.0,2559.0
"10.471623954018797, 104.91196228578761",Non Rice,104.91196228578761,10.471623954018797,58.881051268314856,0.029163243249058723,0.2019478678703308,5251.0,3653.0
"10.471169725189137, 104.91196228578761",Non Rice,104.91196228578761,10.471169725189137,58.8572879822481,0.08752550929784775,0.18239381909370422,5165.0,3465.0
"10.470715496359476, 104.91196228578761",Non Rice,104.91196228578761,10.470715496359476,58.83355845756632,0.025844143703579903,0.13857848942279816,5771.0,4475.0
"10.470261267529818, 104.91196228578761",Non Rice,104.91196228578761,10.470261267529818,58.80986273513732,0.03743528202176094,0.20544089376926422,5236.0,2491.0
"10.469807038700157, 104.91196228578761",Non Rice,104.91196228578761,10.469807038700157,58.786200855836285,0.040698934346437454,0.21005463600158691,6840.0,2660.0
"10.469352809870497, 104.91196228578761",Non Rice,104.91196228578761,10.469352809870497,58.76257286054604,0.035232190042734146,0.2670854926109314,4590.0,2850.0
"10.468898581040836, 104.91196228578761",Non Rice,104.91196228578761,10.468898581040836,58.738978790156516,0.03667864948511124,0.22170500457286835,6417.0,3743.0
"10.468444352211177, 104.91196228578761",Non Rice,104.91196228578761,10.468444352211177,58.715418685564785,0.031166566535830498,0.2879013121128082,4676.0,3633.0
"10.467990123381517, 104.91196228578761",Non Rice,104.91196228578761,10.467990123381517,58.69189258767423,0.0501902773976326,0.13745732605457306,4712.0,2880.0
"10.467535894551856, 104.91196228578761",Non Rice,104.91196228578761,10.467535894551856,58.66840053739521,0.043088361620903015,0.23069460690021515,4897.0,3082.0
"10.467081665722198, 104.91196228578761",Non Rice,104.91196228578761,10.467081665722198,58.64494257564426,0.05384908616542816,0.2870344817638397,6656.0,5342.0
"10.466627436892537, 104.91196228578761",Non Rice,104.91196228578761,10.466627436892537,58.62151874334373,0.0835089161992073,0.20448938012123108,6240.0,4667.0
"10.466173208062877, 104.91196228578761",Non Rice,104.91196228578761,10.466173208062877,58.59812908142215,0.025566942989826202,0.09165126830339432,6055.0,3005.0
"10.465718979233216, 104.91196228578761",Non Rice,104.91196228578761,10.465718979233216,58.57477363081352,0.02296082302927971,0.1637686938047409,5427.0,3085.0
"10.465264750403557, 104.91196228578761",Non Rice,104.91196228578761,10.465264750403557,58.551452432457324,0.1322333812713623,0.19146519899368286,3999.0,2503.0
"10.464810521573897, 104.91196228578761",Non Rice,104.91196228578761,10.464810521573897,58.52816552729798,0.04590047523379326,0.2601533830165863,6633.0,2833.0
"10.464356292744236, 104.91196228578761",Non Rice,104.91196228578761,10.464356292744236,58.50491295628507,0.06594038754701614,0.2712814509868622,4410.0,4004.0
"10.463902063914578, 104.91196228578761",Non Rice,104.91196228578761,10.463902063914578,58.4816947603729,0.0531480610370636,0.15472453832626343,5165.0,2022.0
"10.463447835084917, 104.91196228578761",Non Rice,104.91196228578761,10.463447835084917,58.458510980519954,0.03124682605266571,0.11808702349662781,3866.0,2480.0
"10.462993606255257, 104.91196228578761",Non Rice,104.91196228578761,10.462993606255257,58.435361657689285,0.04307463765144348,0.16085144877433777,5447.0,2779.0
"10.462539377425596, 104.91196228578761",Non Rice,104.91196228578761,10.462539377425596,58.41224683284776,0.1418895274400711,0.13498170673847198,6598.0,4785.0
"10.462085148595937, 104.91196228578761",Non Rice,104.91196228578761,10.462085148595937,58.389166546966216,0.06464019417762756,0.22339674830436707,10019.0,4454.0
"10.461630919766277, 104.91196228578761",Non Rice,104.91196228578761,10.461630919766277,58.366120841018656,0.06634440273046494,0.24306130409240723,5462.0,3663.0
"10.461176690936616, 104.91196228578761",Non Rice,104.91196228578761,10.461176690936616,58.34310975598275,0.029990656301379204,0.22918127477169037,6843.0,2757.0
"10.460722462106958, 104.91196228578761",Non Rice,104.91196228578761,10.460722462106958,58.320133332839205,0.03477039188146591,0.03359241038560867,3685.0,3972.0
"10.460268233277297, 104.91196228578761",Non Rice,104.91196228578761,10.460268233277297,58.29719161257123,0.03135693073272705,0.08835506439208984,5668.0,3024.0
"10.459814004447637, 104.91196228578761",Non Rice,104.91196228578761,10.459814004447637,58.27428463616496,0.05733254551887512,0.2040308266878128,7784.0,4606.0
"10.459359775617976, 104.91196228578761",Non Rice,104.91196228578761,10.459359775617976,58.25141244460875,0.04522307217121124,0.11591454595327377,5029.0,3058.0
"10.458905546788317, 104.91196228578761",Non Rice,104.91196228578761,10.458905546788317,58.2285750788932,0.02607758902013302,0.19746945798397064,5942.0,3501.0
"10.482071217100977, 104.91241651461723",Non Rice,104.91241651461723,10.482071217100977,59.39342978032725,0.03592418134212494,0.16008032858371735,3352.0,1888.0
"10.481616988271316, 104.91241651461723",Non Rice,104.91241651461723,10.481616988271316,59.36888324647128,0.0823744684457779,0.3908655047416687,3744.0,3498.0
"10.481162759441657, 104.91241651461723",Non Rice,104.91241651461723,10.481162759441657,59.344369545788105,0.05913887545466423,0.41284170746803284,5201.0,2590.0
"10.480708530611997, 104.91241651461723",Non Rice,104.91241651461723,10.480708530611997,59.31988871898207,0.09554283320903778,0.4606960713863373,4982.0,4380.0
"10.480254301782336, 104.91241651461723",Non Rice,104.91241651461723,10.480254301782336,59.29544080677034,0.03469895198941231,0.11031448096036911,4394.0,3532.0
"10.479800072952678, 104.91241651461723",Non Rice,104.91241651461723,10.479800072952678,59.271025849882555,0.04946830868721008,0.153656005859375,6492.0,2765.0
"10.479345844123017, 104.91241651461723",Non Rice,104.91241651461723,10.479345844123017,59.2466438890602,0.08632296323776245,0.3598436117172241,5900.0,2397.0
"10.478891615293357, 104.91241651461723",Non Rice,104.91241651461723,10.478891615293357,59.22229496505705,0.17188455164432526,0.39966869354248047,3890.0,2085.0
"10.478437386463696, 104.91241651461723",Non Rice,104.91241651461723,10.478437386463696,59.19797911863854,0.05124082788825035,0.2976216673851013,4088.0,3361.0
"10.477983157634037, 104.91241651461723",Non Rice,104.91241651461723,10.477983157634037,59.17369639058185,0.06939548254013062,0.13642536103725433,3166.0,3000.0
"10.477528928804377, 104.91241651461723",Non Rice,104.91241651461723,10.477528928804377,59.1494468216752,0.10144638270139694,0.5176092386245728,4673.0,2053.0
"10.477074699974716, 104.91241651461723",Non Rice,104.91241651461723,10.477074699974716,59.12523045271826,0.025890717282891273,0.15473906695842743,4273.0,3122.0
"10.476620471145058, 104.91241651461723",Non Rice,104.91241651461723,10.476620471145058,59.10104732452171,0.0412168949842453,0.11253980547189713,5478.0,2507.0
"10.476166242315397, 104.91241651461723",Non Rice,104.91241651461723,10.476166242315397,59.07689747790664,0.03642837703227997,0.13611063361167908,7121.0,4467.0
"10.475712013485737, 104.91241651461723",Non Rice,104.91241651461723,10.475712013485737,59.052780953705046,0.04792393743991852,0.29149168729782104,4312.0,4138.0
"10.475257784656076, 104.91241651461723",Non Rice,104.91241651461723,10.475257784656076,59.02869779275911,0.033701103180646896,0.2718037962913513,5122.0,2472.0
"10.474803555826417, 104.91241651461723",Non Rice,104.91241651461723,10.474803555826417,59.00464803592129,0.09932713210582733,0.2852093279361725,5957.0,3666.0
"10.474349326996757, 104.91241651461723",Non Rice,104.91241651461723,10.474349326996757,58.98063172405365,0.04900851845741272,0.48814380168914795,4918.0,3007.0
"10.473895098167096, 104.91241651461723",Non Rice,104.91241651461723,10.473895098167096,58.95664889802824,0.046497892588377,0.4001654386520386,9580.0,4290.0
"10.473440869337438, 104.91241651461723",Non Rice,104.91241651461723,10.473440869337438,58.93269959872664,0.09423710405826569,0.25131288170814514,6017.0,3047.0
"10.472986640507777, 104.91241651461723",Non Rice,104.91241651461723,10.472986640507777,58.908783867039425,0.032272420823574066,0.11536957323551178,5939.0,2332.0
"10.472532411678117, 104.91241651461723",Non Rice,104.91241651461723,10.472532411678117,58.8849017438665,0.043936748057603836,0.12499402463436127,3664.0,3435.0
"10.472078182848456, 104.91241651461723",Non Rice,104.91241651461723,10.472078182848456,58.86105327011655,0.04457452893257141,0.16672557592391968,5367.0,3022.0
"10.471623954018797, 104.91241651461723",Non Rice,104.91241651461723,10.471623954018797,58.83723848670699,0.09542836248874664,0.2940087914466858,4816.0,3678.0
"10.471169725189137, 104.91241651461723",Non Rice,104.91241651461723,10.471169725189137,58.813457434563375,0.05250046029686928,0.13652482628822327,6136.0,5053.0
"10.470715496359476, 104.91241651461723",Non Rice,104.91241651461723,10.470715496359476,58.789710154619726,0.01654609479010105,0.32112887501716614,4332.0,3239.0
"10.325089733570481, 105.4923758843016",Non Rice,105.4923758843016,10.325089733570481,16.28740797333278,0.008966655470430851,0.012567018158733845,1639.0,529.0
"10.325089733570481, 105.49283011313122",Non Rice,105.49283011313122,10.325089733570481,16.322738126409696,0.003309536725282669,0.029179144650697708,1586.0,457.0
"10.324635504740822, 105.49283011313122",Non Rice,105.49283011313122,10.324635504740822,16.28730006715261,0.005758047569543123,0.036796361207962036,1666.0,555.0
"10.325089733570481, 105.49328434196087",Non Rice,105.49328434196087,10.325089733570481,16.358142963445633,0.003659516805782914,0.02286732941865921,1496.0,597.0
"10.324635504740822, 105.49328434196087",Non Rice,105.49328434196087,10.324635504740822,16.322781822112155,0.0022769926581531763,0.0244671031832695,1861.0,565.0
"10.324181275911162, 105.49328434196087",Non Rice,105.49328434196087,10.324181275911162,16.28750053601237,0.007571721915155649,0.03159322217106819,1577.0,818.0
"10.325089733570481, 105.49373857079053",Non Rice,105.49373857079053,10.325089733570481,16.39362200055991,0.004790546838194132,0.008664524182677269,2911.0,3199.0
"10.324635504740822, 105.49373857079053",Non Rice,105.49373857079053,10.324635504740822,16.358337604100548,0.006223768927156925,0.029725121334195137,1667.0,674.0
"10.324181275911162, 105.49373857079053",Non Rice,105.49373857079053,10.324181275911162,16.323133220700885,0.0036418940871953964,0.013104983605444431,1545.0,511.0
"10.323727047081501, 105.49373857079053",Non Rice,105.49373857079053,10.323727047081501,16.288009369174077,0.009431214071810246,0.015267857350409031,2505.0,527.0
"10.325089733570481, 105.49419279962015",Non Rice,105.49419279962015,10.325089733570481,16.429174757041842,0.0018829044420272112,0.010124805383384228,1749.0,974.0
"10.324635504740822, 105.49419279962015",Non Rice,105.49419279962015,10.324635504740822,16.39396693145864,0.006265530362725258,0.005251692607998848,2240.0,451.0
"10.324181275911162, 105.49419279962015",Non Rice,105.49419279962015,10.324181275911162,16.35883927424496,0.008860607631504536,0.020754443481564522,1826.0,504.0
"10.323727047081501, 105.49419279962015",Non Rice,105.49419279962015,10.323727047081501,16.323792302951095,0.005484596826136112,0.03026994876563549,1909.0,823.0
"10.32327281825184, 105.49419279962015",Non Rice,105.49419279962015,10.32327281825184,16.288826538387525,0.003567120060324669,0.03382394090294838,1414.0,711.0
"10.325089733570481, 105.4946470284498",Non Rice,105.4946470284498,10.325089733570481,16.464800755344925,0.004390002693980932,0.009243305772542953,1736.0,436.0
"10.324635504740822, 105.4946470284498",Non Rice,105.4946470284498,10.324635504740822,16.429669325720056,0.0014868192374706268,0.014362137764692307,2162.0,477.0
"10.324181275911162, 105.4946470284498",Non Rice,105.4946470284498,10.324181275911162,16.394618217276015,0.002396234543994069,0.04352302476763725,1824.0,434.0
"10.323727047081501, 105.4946470284498",Non Rice,105.4946470284498,10.323727047081501,16.359647946285637,0.006747550331056118,0.02174977958202362,1643.0,1470.0
"10.32327281825184, 105.4946470284498",Non Rice,105.4946470284498,10.32327281825184,16.32475903224957,0.003324718214571476,0.04348739981651306,1536.0,499.0
"10.32281858942218, 105.4946470284498",Non Rice,105.4946470284498,10.32281858942218,16.28995199790524,0.006050625815987587,0.016686100512742996,1406.0,684.0
"10.325089733570481, 105.49510125727943",Non Rice,105.49510125727943,10.325089733570481,16.50049952105846,0.010041764937341213,0.026713194325566292,1142.0,411.0
"10.324635504740822, 105.49510125727943",Non Rice,105.49510125727943,10.324635504740822,16.46544431158244,0.005639650393277407,0.03814242035150528,1237.0,525.0
"10.324181275911162, 105.49510125727943",Non Rice,105.49510125727943,10.324181275911162,16.43046957361772,0.01627037301659584,0.030688118189573288,2495.0,922.0
"10.323727047081501, 105.49510125727943",Non Rice,105.49510125727943,10.323727047081501,16.39557582214545,0.28215843439102173,3.2254903316497803,2275.0,1322.0
"10.32327281825184, 105.49510125727943",Non Rice,105.49510125727943,10.32327281825184,16.36076357534241,0.010808547958731651,0.04615083709359169,1023.0,475.0
"10.32281858942218, 105.49510125727943",Non Rice,105.49510125727943,10.32281858942218,16.3260333545895,0.004031947813928127,0.020381150767207146,1552.0,561.0
"10.322364360592521, 105.49510125727943",Non Rice,105.49510125727943,10.322364360592521,16.291385684479977,0.006576467305421829,0.022365635260939598,2208.0,410.0
"10.321910131762861, 105.49510125727943",Non Rice,105.49510125727943,10.321910131762861,16.256821092826627,0.004994495306164026,0.015524273738265038,2474.0,587.0
"10.325089733570481, 105.49555548610908",Non Rice,105.49555548610908,10.325089733570481,16.53627058291249,0.0058675711043179035,0.024898948147892952,1354.0,453.0
"10.324635504740822, 105.49555548610908",Non Rice,105.49555548610908,10.324635504740822,16.50129141691196,0.0020063978154212236,0.011085531674325466,1149.0,420.0
"10.324181275911162, 105.49555548610908",Non Rice,105.49555548610908,10.324181275911162,16.466392870290118,0.0036001454573124647,0.02567395754158497,3778.0,1517.0
"10.323727047081501, 105.49555548610908",Non Rice,105.49555548610908,10.323727047081501,16.431575456722594,0.015722766518592834,0.2444162368774414,9186.0,5237.0
"10.32327281825184, 105.49555548610908",Non Rice,105.49555548610908,10.32327281825184,16.396839693048584,0.010198066011071205,0.24861937761306763,864.0,497.0
"10.32281858942218, 105.49555548610908",Non Rice,105.49555548610908,10.32281858942218,16.362186099278937,0.007035587448626757,0.08242016285657883,1646.0,533.0
"10.322364360592521, 105.49555548610908",Non Rice,105.49555548610908,10.322364360592521,16.32761519860395,0.0041343215852975845,0.038233526051044464,2256.0,425.0
"10.321910131762861, 105.49555548610908",Non Rice,105.49555548610908,10.321910131762861,16.293127517400162,0.003086233278736472,0.022843454033136368,2051.0,443.0
"10.321455902933202, 105.49555548610908",Non Rice,105.49555548610908,10.321455902933202,16.258723585238307,0.003990346100181341,0.009105988778173923,2105.0,450.0
"10.325089733570481, 105.49600971493871",Non Rice,105.49600971493871,10.325089733570481,16.572113472746796,0.003223191713914275,0.0064715007320046425,1068.0,364.0
"10.324635504740822, 105.49600971493871",Non Rice,105.49600971493871,10.324635504740822,16.537210172711895,0.003957334440201521,0.03787676617503166,1142.0,467.0
"10.324181275911162, 105.49600971493871",Non Rice,105.49600971493871,10.324181275911162,16.502387637477778,0.005220893304795027,0.020818550139665604,1462.0,575.0
"10.323727047081501, 105.49600971493871",Non Rice,105.49600971493871,10.323727047081501,16.467646379401074,0.007513016927987337,0.033244382590055466,1495.0,698.0
"10.32327281825184, 105.49600971493871",Non Rice,105.49600971493871,10.32327281825184,16.432986913970073,0.003919519949704409,0.014855874702334404,1337.0,398.0
"10.32281858942218, 105.49600971493871",Non Rice,105.49600971493871,10.32281858942218,16.398409759812395,0.004022439010441303,0.019364824518561363,2021.0,433.0
"10.322364360592521, 105.49600971493871",Non Rice,105.49600971493871,10.322364360592521,16.363915438702374,0.0049502234905958176,0.02529647760093212,2002.0,412.0
"10.321910131762861, 105.49600971493871",Non Rice,105.49600971493871,10.321910131762861,16.329504475567454,0.005534559488296509,0.009998166933655739,2328.0,564.0
"10.321455902933202, 105.49600971493871",Non Rice,105.49600971493871,10.321455902933202,16.29517739849572,0.005319969262927771,0.027311895042657852,2122.0,484.0
"10.321001674103542, 105.49600971493871",Non Rice,105.49600971493871,10.321001674103542,16.260934738741128,0.004667036235332489,0.025162644684314728,2186.0,536.0
"10.325089733570481, 105.49646394376836",Non Rice,105.49646394376836,10.325089733570481,16.60802772551556,0.007070634048432112,0.018720097839832306,1005.0,298.0
"10.324635504740822, 105.49646394376836",Non Rice,105.49646394376836,10.324635504740822,16.57320011312688,0.0038124716375023127,0.02420048788189888,792.0,343.0
"10.474349326996757, 105.53107618058692",Non Rice,105.53107618058692,10.474349326996757,32.20469092826122,0.03859653323888779,0.1790468692779541,8360.0,3445.0
"10.473895098167096, 105.53107618058692",Non Rice,105.53107618058692,10.473895098167096,32.16069182157629,0.07928815484046936,0.19099415838718414,6686.0,3301.0
"10.474349326996757, 105.53153040941655",Non Rice,105.53153040941655,10.474349326996757,32.22909188711786,0.012816938571631908,0.08951219171285629,7196.0,5055.0
"10.473895098167096, 105.53153040941655",Non Rice,105.53153040941655,10.473895098167096,32.18512617362097,0.01957542449235916,0.15267811715602875,8585.0,3419.0
"10.473440869337438, 105.53153040941655",Non Rice,105.53153040941655,10.473440869337438,32.14117968975761,0.05880342423915863,0.20677541196346283,5586.0,4488.0
"10.474803555826417, 105.5319846382462",Non Rice,105.5319846382462,10.474803555826417,32.2975024464137,0.09797574579715729,0.1626058965921402,5237.0,3866.0
"10.474349326996757, 105.5319846382462",Non Rice,105.5319846382462,10.474349326996757,32.25355092728932,0.11391326785087585,0.4797634184360504,7684.0,4414.0
"10.473895098167096, 105.5319846382462",Non Rice,105.5319846382462,10.473895098167096,32.209618635682155,0.06083155423402786,0.2670978605747223,6526.0,3936.0
"10.473440869337438, 105.5319846382462",Non Rice,105.5319846382462,10.473440869337438,32.16570565037588,0.07245678454637527,0.31188851594924927,6409.0,3288.0
"10.472986640507777, 105.5319846382462",Non Rice,105.5319846382462,10.472986640507777,32.12181205054974,0.0925397127866745,0.2762257158756256,7476.0,3535.0
"10.472532411678117, 105.5319846382462",Non Rice,105.5319846382462,10.472532411678117,32.077937915781845,0.058128368109464645,0.27849337458610535,7017.0,3093.0
"10.474803555826417, 105.53243886707584",Non Rice,105.53243886707584,10.474803555826417,32.3219860620282,0.09298260509967804,0.44029614329338074,6221.0,3317.0
"10.474349326996757, 105.53243886707584",Non Rice,105.53243886707584,10.474349326996757,32.27806791673811,0.08550995588302612,0.49558761715888977,7155.0,2200.0
"10.473895098167096, 105.53243886707584",Non Rice,105.53243886707584,10.473895098167096,32.23416907529643,0.08216040581464767,0.15647563338279724,5545.0,2442.0
"10.473440869337438, 105.53243886707584",Non Rice,105.53243886707584,10.473440869337438,32.19028961667898,0.03633354604244232,0.3199625313282013,6516.0,3026.0
"10.472986640507777, 105.53243886707584",Non Rice,105.53243886707584,10.472986640507777,32.14642962025734,0.041400425136089325,0.25980231165885925,5530.0,3817.0
"10.472532411678117, 105.53243886707584",Non Rice,105.53243886707584,10.472532411678117,32.10258916580206,0.045245226472616196,0.31716904044151306,7550.0,4375.0
"10.472078182848456, 105.53243886707584",Non Rice,105.53243886707584,10.472078182848456,32.05876833348422,0.03179372474551201,0.2651037275791168,5789.0,3884.0
"10.475257784656076, 105.53289309590548",Non Rice,105.53289309590548,10.475257784656076,32.390431511702644,0.02900155447423458,0.1954834759235382,7728.0,3444.0
"10.474803555826417, 105.53289309590548",Non Rice,105.53289309590548,10.474803555826417,32.34652746697877,0.07336706668138504,0.1383385807275772,4668.0,4055.0
"10.474349326996757, 105.53289309590548",Non Rice,105.53289309590548,10.474349326996757,32.302642723518325,0.1133008673787117,0.135423943400383,7919.0,3768.0
"10.473895098167096, 105.53289309590548",Non Rice,105.53289309590548,10.473895098167096,32.25877736009362,0.031457457691431046,0.161481574177742,7087.0,3420.0
"10.473440869337438, 105.53289309590548",Non Rice,105.53289309590548,10.473440869337438,32.21493145587115,0.06336058676242828,0.26084429025650024,6012.0,2506.0
"10.472986640507777, 105.53289309590548",Non Rice,105.53289309590548,10.472986640507777,32.17110509041321,0.12656447291374207,0.30289697647094727,7224.0,3084.0
"10.472532411678117, 105.53289309590548",Non Rice,105.53289309590548,10.472532411678117,32.127298343681254,0.10458094626665115,0.1856391578912735,8872.0,3995.0
"10.472078182848456, 105.53289309590548",Non Rice,105.53289309590548,10.472078182848456,32.083511296037344,0.0739765465259552,0.3996048867702484,6385.0,2728.0
"10.471623954018797, 105.53289309590548",Non Rice,105.53289309590548,10.471623954018797,32.039744028246815,0.06545033305883408,0.1809406578540802,6518.0,3768.0
"10.471169725189137, 105.53289309590548",Non Rice,105.53289309590548,10.471169725189137,31.995996621479794,0.027626143768429756,0.16218188405036926,7064.0,5147.0
"10.475257784656076, 105.53334732473513",Non Rice,105.53334732473513,10.475257784656076,32.41499722100468,0.045194726437330246,0.26580527424812317,6681.0,3394.0
"10.474803555826417, 105.53334732473513",Non Rice,105.53334732473513,10.474803555826417,32.37112652983126,0.03421137109398842,0.2549736499786377,7277.0,3064.0
"10.474349326996757, 105.53334732473513",Non Rice,105.53334732473513,10.474349326996757,32.32727521577453,0.030371854081749916,0.4571565091609955,8109.0,3698.0
"10.473895098167096, 105.53334732473513",Non Rice,105.53334732473513,10.473895098167096,32.283443357795754,0.04545305296778679,0.37044674158096313,6902.0,3742.0
"10.473440869337438, 105.53334732473513",Non Rice,105.53334732473513,10.473440869337438,32.239631035250476,0.0329366996884346,0.1309078484773636,4502.0,3459.0
"10.472986640507777, 105.53334732473513",Non Rice,105.53334732473513,10.472986640507777,32.195838327890236,0.08335782587528229,0.3018798530101776,6405.0,3493.0
"10.472532411678117, 105.53334732473513",Non Rice,105.53334732473513,10.472532411678117,32.152065315865755,0.02843417227268219,0.14103782176971436,7803.0,5568.0
"10.472078182848456, 105.53334732473513",Non Rice,105.53334732473513,10.472078182848456,32.108312079728535,0.02653440460562706,0.14876888692378998,6688.0,3597.0
"10.471623954018797, 105.53334732473513",Non Rice,105.53334732473513,10.471623954018797,32.06457870043341,0.05860469490289688,0.10100548714399338,7609.0,3242.0
"10.471169725189137, 105.53334732473513",Non Rice,105.53334732473513,10.471169725189137,32.02086525934012,0.03241688758134842,0.26947221159935,6955.0,3763.0
"10.470715496359476, 105.53334732473513",Non Rice,105.53334732473513,10.470715496359476,31.977171838216613,0.03429853916168213,0.393415629863739,7376.0,4712.0
"10.470261267529818, 105.53334732473513",Non Rice,105.53334732473513,10.470261267529818,31.933498519240814,0.04597705602645874,0.21261915564537048,7325.0,4858.0
"10.475712013485737, 105.53380155356476",Non Rice,105.53380155356476,10.475712013485737,32.483477113955594,0.03415101021528244,0.17581090331077576,7057.0,4594.0
"10.475257784656076, 105.53380155356476",Non Rice,105.53380155356476,10.475257784656076,32.43962042956294,0.09923548251390457,0.3624686300754547,6922.0,4437.0
"10.474803555826417, 105.53380155356476",Non Rice,105.53380155356476,10.474803555826417,32.39578311923934,0.04493771865963936,0.14416302740573883,6015.0,2971.0
"10.474349326996757, 105.53380155356476",Non Rice,105.53380155356476,10.474349326996757,32.35196526174079,0.04285239428281784,0.1809948980808258,5521.0,4815.0
"10.473895098167096, 105.53380155356476",Non Rice,105.53380155356476,10.473895098167096,32.30816693621594,0.025006446987390518,0.2573680281639099,6741.0,3744.0
"10.473440869337438, 105.53380155356476",Non Rice,105.53380155356476,10.473440869337438,32.26438822220789,0.07304388284683228,0.4090999960899353,6815.0,2983.0
"10.472986640507777, 105.53380155356476",Non Rice,105.53380155356476,10.472986640507777,32.22062919965579,0.05193063244223595,0.3795109689235687,5909.0,2977.0
"10.472532411678117, 105.53380155356476",Non Rice,105.53380155356476,10.472532411678117,32.1768899488981,0.07708287984132767,0.20850655436515808,6002.0,3967.0
"10.472078182848456, 105.53380155356476",Non Rice,105.53380155356476,10.472078182848456,32.13317055067416,0.06989036500453949,0.2970418632030487,7432.0,4175.0
"10.471623954018797, 105.53380155356476",Non Rice,105.53380155356476,10.471623954018797,32.08947108612672,0.048647355288267136,0.2478295862674713,8056.0,2970.0
"10.015305671742361, 105.8103360650496",Non Rice,105.8103360650496,10.015305671742361,51.758267272590565,0.00748960068449378,0.018152520060539246,1926.0,396.0
"10.015305671742361, 105.81079029387922",Non Rice,105.81079029387922,10.015305671742361,51.802825244812425,0.004682764410972595,0.01989874243736267,1987.0,545.0
"10.0148514429127, 105.81079029387922",Non Rice,105.81079029387922,10.0148514429127,51.82527902589784,0.0031414555851370096,0.013137444853782654,1868.0,629.0
"10.015305671742361, 105.81124452270888",Non Rice,105.81124452270888,10.015305671742361,51.84739260793918,0.01052723079919815,0.010961465537548065,1759.0,456.0
"10.0148514429127, 105.81124452270888",Non Rice,105.81124452270888,10.0148514429127,51.86982715915738,0.005724400281906128,0.01569618098437786,2188.0,373.0
"10.014397214083042, 105.81124452270888",Non Rice,105.81124452270888,10.014397214083042,51.892301170922856,0.007237357087433338,0.03141264244914055,2391.0,467.0
"10.013942985253381, 105.81124452270888",Non Rice,105.81124452270888,10.013942985253381,51.914814591988176,0.005215564742684364,0.019541341811418533,2312.0,498.0
"10.015759900572021, 105.8116987515385",Non Rice,105.8116987515385,10.015759900572021,51.86959348180863,0.0062913671135902405,0.017185701057314873,2393.0,416.0
"10.015305671742361, 105.8116987515385",Non Rice,105.8116987515385,10.015305671742361,51.891969337769105,0.002744856756180525,0.01746508851647377,2318.0,535.0
"10.0148514429127, 105.8116987515385",Non Rice,105.8116987515385,10.0148514429127,51.91438468815261,0.0075807878747582436,0.019992005079984665,1475.0,417.0
"10.014397214083042, 105.8116987515385",Non Rice,105.8116987515385,10.014397214083042,51.93683948182306,0.006701239850372076,0.02664533257484436,1728.0,429.0
"10.013942985253381, 105.8116987515385",Non Rice,105.8116987515385,10.013942985253381,51.95933366764309,0.006472677458077669,0.024765921756625175,1958.0,499.0
"10.01348875642372, 105.8116987515385",Non Rice,105.8116987515385,10.01348875642372,51.98186719447393,0.009854190982878208,0.020883336663246155,1984.0,417.0
"10.015759900572021, 105.81215298036815",Non Rice,105.81215298036815,10.015759900572021,51.91419870869808,0.007037303876131773,0.03674846515059471,1958.0,452.0
"10.015305671742361, 105.81215298036815",Non Rice,105.81215298036815,10.015305671742361,51.936555410189534,0.0020420015789568424,0.021353797987103462,1881.0,387.0
"10.0148514429127, 105.81215298036815",Non Rice,105.81215298036815,10.0148514429127,51.95895158871701,0.0024106730706989765,0.01924295350909233,1872.0,367.0
"10.014397214083042, 105.81215298036815",Non Rice,105.81215298036815,10.014397214083042,51.98138719325435,0.004965165164321661,0.017587648704648018,2217.0,440.0
"10.013942985253381, 105.81215298036815",Non Rice,105.81215298036815,10.013942985253381,52.00386217277399,0.007216091733425856,0.021095335483551025,2608.0,441.0
"10.01348875642372, 105.81215298036815",Non Rice,105.81215298036815,10.01348875642372,52.026376476246845,0.005830247420817614,0.018110670149326324,1896.0,320.0
"10.013034527594062, 105.81215298036815",Non Rice,105.81215298036815,10.013034527594062,52.048930052642866,0.004952442832291126,0.02383776754140854,2217.0,469.0
"10.015759900572021, 105.81260720919778",Non Rice,105.81260720919778,10.015759900572021,51.958813225190916,0.020698487758636475,0.02201070822775364,1879.0,368.0
"10.015305671742361, 105.81260720919778",Non Rice,105.81260720919778,10.015305671742361,51.98115080115445,0.012513031251728535,0.01820092275738716,1740.0,448.0
"10.0148514429127, 105.81260720919778",Non Rice,105.81260720919778,10.0148514429127,52.00352783675067,0.01311956811696291,0.02704976312816143,1947.0,387.0
"10.014397214083042, 105.81260720919778",Non Rice,105.81260720919778,10.014397214083042,52.025944281063175,0.043512966483831406,0.08664023876190186,1722.0,390.0
"10.013942985253381, 105.81260720919778",Non Rice,105.81260720919778,10.013942985253381,52.04840008317396,0.007061953190714121,0.012975744903087616,1894.0,338.0
"10.01348875642372, 105.81260720919778",Non Rice,105.81260720919778,10.01348875642372,52.070895192163256,0.007176122162491083,0.015265807509422302,1694.0,390.0
"10.013034527594062, 105.81260720919778",Non Rice,105.81260720919778,10.013034527594062,52.09342955711021,0.004835677333176136,0.014687507413327694,1606.0,524.0
"10.012580298764401, 105.81260720919778",Non Rice,105.81260720919778,10.012580298764401,52.11600312709353,0.006956489756703377,0.020414920523762703,1763.0,450.0
"10.016214129401682, 105.81306143802743",Non Rice,105.81306143802743,10.016214129401682,51.98115802107844,0.005947963800281286,0.00916653499007225,1881.0,445.0
"10.015759900572021, 105.81306143802743",Non Rice,105.81306143802743,10.015759900572021,52.003437007383546,0.004944070242345333,0.03040163777768612,2072.0,427.0
"10.015305671742361, 105.81306143802743",Non Rice,105.81306143802743,10.015305671742361,52.025755486706316,0.005031231790781021,0.021062349900603294,2359.0,324.0
"10.0148514429127, 105.81306143802743",Non Rice,105.81306143802743,10.0148514429127,52.04811340824236,0.002022462198510766,0.013432903215289116,2110.0,341.0
"10.014397214083042, 105.81306143802743",Non Rice,105.81306143802743,10.014397214083042,52.07051072118473,0.00923157762736082,0.04517018795013428,1914.0,392.0
"10.013942985253381, 105.81306143802743",Non Rice,105.81306143802743,10.013942985253381,52.09294737472474,0.010765237733721733,0.039752740412950516,2150.0,405.0
"10.01348875642372, 105.81306143802743",Non Rice,105.81306143802743,10.01348875642372,52.11542331805172,0.005597006995230913,0.014210016466677189,2255.0,344.0
"10.013034527594062, 105.81306143802743",Non Rice,105.81306143802743,10.013034527594062,52.13793850035374,0.008162588812410831,0.018630435690283775,1845.0,490.0
"10.012580298764401, 105.81306143802743",Non Rice,105.81306143802743,10.012580298764401,52.16049287081821,0.004577214363962412,0.044653166085481644,2129.0,437.0
"10.012126069934741, 105.81306143802743",Non Rice,105.81306143802743,10.012126069934741,52.18308637863181,0.012594062834978104,0.012885438278317451,2220.0,496.0
"10.01167184110508, 105.81306143802743",Non Rice,105.81306143802743,10.01167184110508,52.205718972981124,0.004972922615706921,0.025159062817692757,1849.0,490.0
"10.016214129401682, 105.81351566685709",Non Rice,105.81351566685709,10.016214129401682,52.025810095398754,0.007030227221548557,0.029639076441526413,1462.0,407.0
"10.015759900572021, 105.81351566685709",Non Rice,105.81351566685709,10.015759900572021,52.04807003144111,0.010225072503089905,0.01786002703011036,2499.0,472.0
"10.015305671742361, 105.81351566685709",Non Rice,105.81351566685709,10.015305671742361,52.07036944295642,0.005174703896045685,0.015454870648682117,2209.0,311.0
"10.0148514429127, 105.81351566685709",Non Rice,105.81351566685709,10.0148514429127,52.09270827924966,0.005574892740696669,0.012159833684563637,2096.0,426.0
"10.014397214083042, 105.81351566685709",Non Rice,105.81351566685709,10.014397214083042,52.115086489623145,0.004351178649812937,0.025977857410907745,1370.0,523.0
"10.013942985253381, 105.81351566685709",Non Rice,105.81351566685709,10.013942985253381,52.13750402337718,0.006690367124974728,0.023570111021399498,2353.0,327.0
"10.01348875642372, 105.81351566685709",Non Rice,105.81351566685709,10.01348875642372,52.15996082980996,0.0059169321320950985,0.021465105935931206,1925.0,350.0
"10.013034527594062, 105.81351566685709",Non Rice,105.81351566685709,10.013034527594062,52.18245685821818,0.00333358533680439,0.014711875468492508,1967.0,418.0
"10.012580298764401, 105.81351566685709",Non Rice,105.81351566685709,10.012580298764401,52.204992057897805,0.004966282285749912,0.009671725332736969,2245.0,463.0
"10.012126069934741, 105.81351566685709",Non Rice,105.81351566685709,10.012126069934741,52.22756637814375,0.00648060766980052,0.016739867627620697,2163.0,470.0
"10.01167184110508, 105.81351566685709",Non Rice,105.81351566685709,10.01167184110508,52.250179768250696,0.005327112041413784,0.021779168397188187,2346.0,383.0
"10.009400696956781, 105.67088781435012",Non Rice,105.67088781435012,10.009400696956781,39.072648524775936,0.04930323734879494,0.38280579447746277,7325.0,2075.0
"10.0103091546161, 105.67134204317975",Non Rice,105.67134204317975,10.0103091546161,39.05125735627043,0.08282337337732315,0.30696403980255127,6304.0,1657.0
"10.009854925786442, 105.67134204317975",Non Rice,105.67134204317975,10.009854925786442,39.08173482682002,0.03493303060531616,0.24427632987499237,4847.0,2119.0
"10.009400696956781, 105.67134204317975",Non Rice,105.67134204317975,10.009400696956781,39.112253771749366,0.08053269237279892,0.21651341021060944,4742.0,2479.0
"10.008946468127121, 105.67134204317975",Non Rice,105.67134204317975,10.008946468127121,39.14281409404786,0.06891287863254547,0.2938849627971649,7271.0,2152.0
"10.010763383445761, 105.6717962720094",Non Rice,105.6717962720094,10.010763383445761,39.06054238181578,0.07659351080656052,0.1919604241847992,6095.0,2646.0
"10.0103091546161, 105.6717962720094",Non Rice,105.6717962720094,10.0103091546161,39.09094741032293,0.03315536677837372,0.07033038139343262,3699.0,1550.0
"10.009854925786442, 105.6717962720094",Non Rice,105.6717962720094,10.009854925786442,39.121394016255664,0.04110470041632652,0.22870269417762756,6673.0,2355.0
"10.009400696956781, 105.6717962720094",Non Rice,105.6717962720094,10.009400696956781,39.151882102615716,0.055925775319337845,0.2645460069179535,5131.0,2593.0
"10.008946468127121, 105.6717962720094",Non Rice,105.6717962720094,10.008946468127121,39.18241157257438,0.06094750761985779,0.28291311860084534,4001.0,3335.0
"10.00849223929746, 105.6717962720094",Non Rice,105.6717962720094,10.00849223929746,39.212982329473434,0.03974295035004616,0.4020404517650604,5226.0,2175.0
"10.01167184110508, 105.67225050083903",Non Rice,105.67225050083903,10.01167184110508,39.039662917250865,0.08285453170537949,0.3733724355697632,5100.0,2720.0
"10.011217612275422, 105.67225050083903",Non Rice,105.67225050083903,10.011217612275422,39.069953662862446,0.04722042754292488,0.24381966888904572,6088.0,2870.0
"10.010763383445761, 105.67225050083903",Non Rice,105.67225050083903,10.010763383445761,39.100286185745986,0.06285332143306732,0.0940646231174469,5470.0,2745.0
"10.0103091546161, 105.67225050083903",Non Rice,105.67225050083903,10.0103091546161,39.13066038874916,0.08779401332139969,0.22528454661369324,4973.0,2139.0
"10.009854925786442, 105.67225050083903",Non Rice,105.67225050083903,10.009854925786442,39.161076174887775,0.032613497227430344,0.3971973955631256,6823.0,2674.0
"10.009400696956781, 105.67225050083903",Non Rice,105.67225050083903,10.009400696956781,39.19153344734646,0.02725851535797119,0.26148518919944763,5480.0,2214.0
"10.008946468127121, 105.67225050083903",Non Rice,105.67225050083903,10.008946468127121,39.22203210947839,0.042443081736564636,0.2433748096227646,4164.0,2025.0
"10.00849223929746, 105.67225050083903",Non Rice,105.67225050083903,10.00849223929746,39.25257206480611,0.08714485913515091,0.1504405438899994,4581.0,2559.0
"10.008038010467802, 105.67225050083903",Non Rice,105.67225050083903,10.008038010467802,39.28315321702161,0.0451321117579937,0.23552212119102478,4704.0,3255.0
"10.012580298764401, 105.67270472966868",Non Rice,105.67270472966868,10.012580298764401,39.01909693501017,0.09577538073062897,0.39578959345817566,7852.0,3135.0
"10.012126069934741, 105.67270472966868",Non Rice,105.67270472966868,10.012126069934741,39.04927303302217,0.08243952691555023,0.17022235691547394,5865.0,3875.0
"10.01167184110508, 105.67270472966868",Non Rice,105.67270472966868,10.01167184110508,39.07949110792693,0.059124160557985306,0.2738809287548065,6562.0,2790.0
"10.011217612275422, 105.67270472966868",Non Rice,105.67270472966868,10.011217612275422,39.10975106242421,0.12115006893873215,0.2812339961528778,6844.0,2200.0
"10.010763383445761, 105.67270472966868",Non Rice,105.67270472966868,10.010763383445761,39.140052799380435,0.050015874207019806,0.47524601221084595,7384.0,2398.0
"10.0103091546161, 105.67270472966868",Non Rice,105.67270472966868,10.0103091546161,39.17039622182827,0.08699256181716919,0.24478957056999207,7308.0,3649.0
"10.009854925786442, 105.67270472966868",Non Rice,105.67270472966868,10.009854925786442,39.20078123296746,0.06360568106174469,0.27621397376060486,5568.0,2395.0
"10.009400696956781, 105.67270472966868",Non Rice,105.67270472966868,10.009400696956781,39.23120773616551,0.034320756793022156,0.2944066822528839,5955.0,2112.0
"10.008946468127121, 105.67270472966868",Non Rice,105.67270472966868,10.008946468127121,39.26167563495738,0.05451434478163719,0.3747672140598297,6458.0,2197.0
"10.00849223929746, 105.67270472966868",Non Rice,105.67270472966868,10.00849223929746,39.2921848330463,0.09747835993766785,0.3394375443458557,6198.0,3142.0
"10.008038010467802, 105.67270472966868",Non Rice,105.67270472966868,10.008038010467802,39.3227352343039,0.09700269997119904,0.13449767231941223,4959.0,2710.0
"10.007583781638141, 105.67270472966868",Non Rice,105.67270472966868,10.007583781638141,39.35332674277108,0.10217829793691635,0.1742302030324936,5801.0,2576.0
"10.013034527594062, 105.6731589584983",Non Rice,105.6731589584983,10.013034527594062,39.02890601798528,0.03597116470336914,0.210377499461174,6545.0,2494.0
"10.012580298764401, 105.6731589584983",Non Rice,105.6731589584983,10.012580298764401,39.05900928176817,0.024388374760746956,0.4722433090209961,6720.0,3053.0
"10.012126069934741, 105.6731589584983",Non Rice,105.6731589584983,10.012126069934741,39.08915462438246,0.0897713452577591,0.20590437948703766,5643.0,3612.0
"10.01167184110508, 105.6731589584983",Non Rice,105.6731589584983,10.01167184110508,39.11934194855037,0.05641917511820793,0.18235695362091064,5106.0,2429.0
"10.011217612275422, 105.6731589584983",Non Rice,105.6731589584983,10.011217612275422,39.149571157158796,0.05679026246070862,0.16526493430137634,5620.0,2644.0
"10.010763383445761, 105.6731589584983",Non Rice,105.6731589584983,10.010763383445761,39.17984215326014,0.049279745668172836,0.2475137859582901,5959.0,2719.0
"10.0103091546161, 105.6731589584983",Non Rice,105.6731589584983,10.0103091546161,39.210154840072036,0.03998341038823128,0.176730215549469,5022.0,2577.0
"10.009854925786442, 105.6731589584983",Non Rice,105.6731589584983,10.009854925786442,39.24050912097806,0.07636847347021103,0.3525735139846802,6523.0,2621.0
"10.009400696956781, 105.6731589584983",Non Rice,105.6731589584983,10.009400696956781,39.27090489952853,0.04959816485643387,0.2654915153980255,6738.0,2304.0
"10.008946468127121, 105.6731589584983",Non Rice,105.6731589584983,10.008946468127121,39.301342079440104,0.04534152150154114,0.2111242264509201,5966.0,3654.0
"10.00849223929746, 105.6731589584983",Non Rice,105.6731589584983,10.00849223929746,39.331820564596654,0.11346473544836044,0.1744002401828766,6632.0,3746.0
"10.008038010467802, 105.6731589584983",Non Rice,105.6731589584983,10.008038010467802,39.36234025904942,0.032607752829790115,0.17120100557804108,6268.0,2369.0
"10.007583781638141, 105.6731589584983",Non Rice,105.6731589584983,10.007583781638141,39.39290106701776,0.04110826551914215,0.23562651872634888,5325.0,3075.0
"10.013942985253381, 105.67361318732796",Non Rice,105.67361318732796,10.013942985253381,39.00885310842765,0.04275605082511902,0.16827376186847687,5612.0,2159.0
"10.01348875642372, 105.67361318732796",Non Rice,105.67361318732796,10.01348875642372,39.0388411997641,0.028708521276712418,0.2998279333114624,6332.0,2823.0
"10.013034527594062, 105.67361318732796",Non Rice,105.67361318732796,10.013034527594062,39.06887156892142,0.07697571814060211,0.4608023166656494,10622.0,2789.0
"10.012580298764401, 105.67361318732796",Non Rice,105.67361318732796,10.012580298764401,39.09894411848402,0.1530347615480423,0.4289983808994293,6672.0,2410.0
"10.012126069934741, 105.67361318732796",Non Rice,105.67361318732796,10.012126069934741,39.12905875119883,0.05405574291944504,0.17598485946655273,5033.0,2910.0
